#Issue,ID,Sub to,Management of road infrastructures,Political,Economics,Social,Technological,Environmental,Industry 4.0,Technology governance,Drones,Smart Cities,Smart mobility,Internet,Geo-technical,Geographic information systems,Civil engineering,Digital twin,New materials,Automation,3D printing,Sustainable technologies,Artificial intelligence,IoT,Federated data,Holistic optimization,Data access,Research,Computing technologies,Data sharing,Open source models,Cloud computing,Edge computing,Distributed networks,Infrastructure monitoring,Construction monitoring,Accidents detection,Traffic monitoring,Infrastructure usage,Construction quality monitoring,Construction site inspection,Construction compliance,Progress monitoring,Site safety,Data quality,Information fidelity,Robots,Design automation,Reporting automation,Inspection automation,Human-machine interface,Recycling technologies,AI for good/bad,Data norms and standards,Autonomous vehicles,Flying cars and delivery drones,Inspection drones,Vehicle ownership,Road signalisation,Vehicle telemetry,Vehicle usage optimization,Delivery cost decrease,Urban design,Infrastructure resilience,Automated traffic control,Infrastructure sharing,Utilities resilience,Wastewater system resilience,Sewage system resilience,Water supply system resilience,Gas distribution resilience,Electrical grid resilience,Intermodality,Active transportation,Alternative energy sources,Public transportation,Ride sharing,Remote working,5G,Digital communication,Cloud technology,Social media,e-commerce,Natural resources,Sustainability,Renewable resources,Non renewable resources,Land sustainability,Water sustainability,Air sustainability,Ecosystem sustainability,Erosion,Land pollution,Construction waste,Water pollution,Climate change,Mobility greenhouse gas emission,Manufacturing greenhouse gas emission,Steel production,Concrete production,Gravel and sand extraction,Asphalt production,Petroleum derivatives production,"Habitat destruction, fragmentation, and alteration",Deforestation,Biodiversity destruction,Safety,Skills and education,Health,Quality of life,Social acceptance,Demographics,Wealth,Workers safety,Road users safety,Citizens safety,COVID-19,Social inequalities,Ressetlement and land grabing,Unequal transport access,Population growth,Aging population,Urbanization,Economic development,Economic structure transformation,Trade,Productivity,Entrepreneurship,Stock market,Employment,Economy of sustainability,Private investments,Cost of externalities,Carbon market,Innovation,Employment sector shift,Employment spatial mismatch,Subsistence to commerce agriculture,Localisation of activities,Industrialization,Manufacturing concentration/spreading,Urban spreading,Rural poverty,Congestion,Absenteism,Logistic optimization,"Laws, regulations, and standards",National security,Geopolitics,State programs and policies,Political system,Corruption,AEC norms and standards,Environmental protection laws,Data privacy laws,Human rights,Boarder security,Supply chain resilience,Territory access,Access to resources,World power order,Globalisation vs protectionism,International entities and agreements,"Democracy, communism, and totalarism",Conflicts,Trade agreements,Education financing,Research financing,Taxes,Innovation and entrepreuneurship incentives,Economic stimulation mechanism,Countries indebtment,Infrastructure development and maintenance,Wealth distribution,Transport policies,Inflation,Infrastructure projects planning,Governmental procurement,Projects scheduling,Projects costing,Governmental infrastructure expertise gap,Governmental structure,Lobbyism,Elections,Journalism,Political financing,Naval transportation resilience,Air transportation resilience,Production resilience,Road transportation system resilience,Rail transportation system resilience
Management of road infrastructures,0,,,,,,,,,,,,,,,,,,,,,,,,,,,,,,,,,,,,,,,,,,,,,,,,,,,,,,,,,,,,,,,,,,,,,,,,,,,,,,,,,,,,,,,,,,,,,,,,,,,,,,,,,,,,,,,,,,,,,,,,,,,,,,,,,,,,,,,,,,,,,,,,,,,,,,,,,,,,,,,,,,,,,,,,,,,,,,,,,,,,,,,,,,,,,,
Political,1,0,0,,,,,,,,,,,,,,,,,,,,,,,,,,,,,,,,,,,,,,,,,,,,,,,,,,,,,,,,,,,,,,,,,,,,,,,,,,,,,,,,,,,,,,,,,,,,,,,,,,,,,,,,,,,,,,,,,,,,,,,,,,,,,,,,,,,,,,,,,,,,,,,,,,,,,,,,,,,,,,,,,,,,,,,,,,,,,,,,,,,,,,,,,,,,
Economics,2,0,0,0,,,,,,,,,,,,,,,,,,,,,,,,,,,,,,,,,,,,,,,,,,,,,,,,,,,,,,,,,,,,,,,,,,,,,,,,,,,,,,,,,,,,,,,,,,,,,,,,,,,,,,,,,,,,,,,,,,,,,,,,,,,,,,,,,,,,,,,,,,,,,,,,,,,,,,,,,,,,,,,,,,,,,,,,,,,,,,,,,,,,,,,,,,,
Social,3,0,0,0,0,,,,,,,,,,,,,,,,,,,,,,,,,,,,,,,,,,,,,,,,,,,,,,,,,,,,,,,,,,,,,,,,,,,,,,,,,,,,,,,,,,,,,,,,,,,,,,,,,,,,,,,,,,,,,,,,,,,,,,,,,,,,,,,,,,,,,,,,,,,,,,,,,,,,,,,,,,,,,,,,,,,,,,,,,,,,,,,,,,,,,,,,,,
Technological,4,0,0,0,0,0,,,,,,,,,,,,,,,,,,,,,,,,,,,,,,,,,,,,,,,,,,,,,,,,,,,,,,,,,,,,,,,,,,,,,,,,,,,,,,,,,,,,,,,,,,,,,,,,,,,,,,,,,,,,,,,,,,,,,,,,,,,,,,,,,,,,,,,,,,,,,,,,,,,,,,,,,,,,,,,,,,,,,,,,,,,,,,,,,,,,,,,,,
Environmental,5,0,0,0,0,0,0,,,,,,,,,,,,,,,,,,,,,,,,,,,,,,,,,,,,,,,,,,,,,,,,,,,,,,,,,,,,,,,,,,,,,,,,,,,,,,,,,,,,,,,,,,,,,,,,,,,,,,,,,,,,,,,,,,,,,,,,,,,,,,,,,,,,,,,,,,,,,,,,,,,,,,,,,,,,,,,,,,,,,,,,,,,,,,,,,,,,,,,,
Industry 4.0,6,4,0,0,0,0,0,0,,,,,,,,,,,,,,,,,,,,,,,,,,,,,,,,,,,,,,,,,,,,,,,,,,,,,,,,,,,,,,,,,,,,,,,,,,,,,,,,,,,,,,,,,,,,,,,,,,,,,,,,,,,,,,,,,,,,,,,,,,,,,,,,,,,,,,,,,,,,,,,,,,,,,,,,,,,,,,,,,,,,,,,,,,,,,,,,,,,,,,,
Technology governance,7,4,0,0,0,0,0,0,10,,,,,,,,,,,,,,,,,,,,,,,,,,,,,,,,,,,,,,,,,,,,,,,,,,,,,,,,,,,,,,,,,,,,,,,,,,,,,,,,,,,,,,,,,,,,,,,,,,,,,,,,,,,,,,,,,,,,,,,,,,,,,,,,,,,,,,,,,,,,,,,,,,,,,,,,,,,,,,,,,,,,,,,,,,,,,,,,,,,,,,
Drones,8,4,0,0,0,0,0,0,5,10,,,,,,,,,,,,,,,,,,,,,,,,,,,,,,,,,,,,,,,,,,,,,,,,,,,,,,,,,,,,,,,,,,,,,,,,,,,,,,,,,,,,,,,,,,,,,,,,,,,,,,,,,,,,,,,,,,,,,,,,,,,,,,,,,,,,,,,,,,,,,,,,,,,,,,,,,,,,,,,,,,,,,,,,,,,,,,,,,,,,,
Smart Cities,9,4,0,0,0,0,0,0,8,10,10,,,,,,,,,,,,,,,,,,,,,,,,,,,,,,,,,,,,,,,,,,,,,,,,,,,,,,,,,,,,,,,,,,,,,,,,,,,,,,,,,,,,,,,,,,,,,,,,,,,,,,,,,,,,,,,,,,,,,,,,,,,,,,,,,,,,,,,,,,,,,,,,,,,,,,,,,,,,,,,,,,,,,,,,,,,,,,,,,,,,
Smart mobility,10,4,0,0,0,0,0,0,4,10,10,10,,,,,,,,,,,,,,,,,,,,,,,,,,,,,,,,,,,,,,,,,,,,,,,,,,,,,,,,,,,,,,,,,,,,,,,,,,,,,,,,,,,,,,,,,,,,,,,,,,,,,,,,,,,,,,,,,,,,,,,,,,,,,,,,,,,,,,,,,,,,,,,,,,,,,,,,,,,,,,,,,,,,,,,,,,,,,,,,,,,
Internet,11,4,0,0,0,0,0,0,10,10,10,10,3,,,,,,,,,,,,,,,,,,,,,,,,,,,,,,,,,,,,,,,,,,,,,,,,,,,,,,,,,,,,,,,,,,,,,,,,,,,,,,,,,,,,,,,,,,,,,,,,,,,,,,,,,,,,,,,,,,,,,,,,,,,,,,,,,,,,,,,,,,,,,,,,,,,,,,,,,,,,,,,,,,,,,,,,,,,,,,,,,,
Geo-technical,12,4,0,0,0,0,0,0,2,2,3,5,0,2,,,,,,,,,,,,,,,,,,,,,,,,,,,,,,,,,,,,,,,,,,,,,,,,,,,,,,,,,,,,,,,,,,,,,,,,,,,,,,,,,,,,,,,,,,,,,,,,,,,,,,,,,,,,,,,,,,,,,,,,,,,,,,,,,,,,,,,,,,,,,,,,,,,,,,,,,,,,,,,,,,,,,,,,,,,,,,,,,
Geographic information systems,13,4,0,0,0,0,0,0,2,2,6,10,8,10,10,,,,,,,,,,,,,,,,,,,,,,,,,,,,,,,,,,,,,,,,,,,,,,,,,,,,,,,,,,,,,,,,,,,,,,,,,,,,,,,,,,,,,,,,,,,,,,,,,,,,,,,,,,,,,,,,,,,,,,,,,,,,,,,,,,,,,,,,,,,,,,,,,,,,,,,,,,,,,,,,,,,,,,,,,,,,,,,,
Civil engineering,14,4,0,0,0,0,0,0,6,2,3,5,3,5,10,7,,,,,,,,,,,,,,,,,,,,,,,,,,,,,,,,,,,,,,,,,,,,,,,,,,,,,,,,,,,,,,,,,,,,,,,,,,,,,,,,,,,,,,,,,,,,,,,,,,,,,,,,,,,,,,,,,,,,,,,,,,,,,,,,,,,,,,,,,,,,,,,,,,,,,,,,,,,,,,,,,,,,,,,,,,,,,,,
Digital twin,15,6,0,0,0,0,0,0,10,10,10,10,5,10,10,10,10,,,,,,,,,,,,,,,,,,,,,,,,,,,,,,,,,,,,,,,,,,,,,,,,,,,,,,,,,,,,,,,,,,,,,,,,,,,,,,,,,,,,,,,,,,,,,,,,,,,,,,,,,,,,,,,,,,,,,,,,,,,,,,,,,,,,,,,,,,,,,,,,,,,,,,,,,,,,,,,,,,,,,,,,,,,,,,
New materials,16,6,0,0,0,0,0,0,10,10,2,5,2,0,3,0,7,0,,,,,,,,,,,,,,,,,,,,,,,,,,,,,,,,,,,,,,,,,,,,,,,,,,,,,,,,,,,,,,,,,,,,,,,,,,,,,,,,,,,,,,,,,,,,,,,,,,,,,,,,,,,,,,,,,,,,,,,,,,,,,,,,,,,,,,,,,,,,,,,,,,,,,,,,,,,,,,,,,,,,,,,,,,,,,
Automation,17,6,0,0,0,0,0,0,10,10,10,10,10,10,5,0,5,3,0,,,,,,,,,,,,,,,,,,,,,,,,,,,,,,,,,,,,,,,,,,,,,,,,,,,,,,,,,,,,,,,,,,,,,,,,,,,,,,,,,,,,,,,,,,,,,,,,,,,,,,,,,,,,,,,,,,,,,,,,,,,,,,,,,,,,,,,,,,,,,,,,,,,,,,,,,,,,,,,,,,,,,,,,,,,,
3D printing,18,6,0,0,0,0,0,0,10,5,5,5,0,1,0,0,3,0,10,7,,,,,,,,,,,,,,,,,,,,,,,,,,,,,,,,,,,,,,,,,,,,,,,,,,,,,,,,,,,,,,,,,,,,,,,,,,,,,,,,,,,,,,,,,,,,,,,,,,,,,,,,,,,,,,,,,,,,,,,,,,,,,,,,,,,,,,,,,,,,,,,,,,,,,,,,,,,,,,,,,,,,,,,,,,,
Sustainable technologies,19,6,0,0,0,0,0,0,10,10,0,5,5,5,1,5,3,7,10,5,8,,,,,,,,,,,,,,,,,,,,,,,,,,,,,,,,,,,,,,,,,,,,,,,,,,,,,,,,,,,,,,,,,,,,,,,,,,,,,,,,,,,,,,,,,,,,,,,,,,,,,,,,,,,,,,,,,,,,,,,,,,,,,,,,,,,,,,,,,,,,,,,,,,,,,,,,,,,,,,,,,,,,,,,,,,
Artificial intelligence,20,15,0,0,0,0,0,0,10,10,10,10,10,10,5,10,5,10,2,10,3,8,,,,,,,,,,,,,,,,,,,,,,,,,,,,,,,,,,,,,,,,,,,,,,,,,,,,,,,,,,,,,,,,,,,,,,,,,,,,,,,,,,,,,,,,,,,,,,,,,,,,,,,,,,,,,,,,,,,,,,,,,,,,,,,,,,,,,,,,,,,,,,,,,,,,,,,,,,,,,,,,,,,,,,,,,
IoT,21,15,0,0,0,0,0,0,10,10,10,10,10,10,3,10,3,10,0,5,3,5,7,,,,,,,,,,,,,,,,,,,,,,,,,,,,,,,,,,,,,,,,,,,,,,,,,,,,,,,,,,,,,,,,,,,,,,,,,,,,,,,,,,,,,,,,,,,,,,,,,,,,,,,,,,,,,,,,,,,,,,,,,,,,,,,,,,,,,,,,,,,,,,,,,,,,,,,,,,,,,,,,,,,,,,,,
Federated data,22,15,0,0,0,0,0,0,10,10,3,10,3,10,10,10,10,10,0,3,0,5,10,10,,,,,,,,,,,,,,,,,,,,,,,,,,,,,,,,,,,,,,,,,,,,,,,,,,,,,,,,,,,,,,,,,,,,,,,,,,,,,,,,,,,,,,,,,,,,,,,,,,,,,,,,,,,,,,,,,,,,,,,,,,,,,,,,,,,,,,,,,,,,,,,,,,,,,,,,,,,,,,,,,,,,,,,
Holistic optimization,23,20,0,0,0,0,0,0,10,2,0,10,3,5,2,10,10,10,3,7,5,10,10,5,10,,,,,,,,,,,,,,,,,,,,,,,,,,,,,,,,,,,,,,,,,,,,,,,,,,,,,,,,,,,,,,,,,,,,,,,,,,,,,,,,,,,,,,,,,,,,,,,,,,,,,,,,,,,,,,,,,,,,,,,,,,,,,,,,,,,,,,,,,,,,,,,,,,,,,,,,,,,,,,,,,,,,,,
Data access,24,20,0,0,0,0,0,0,10,10,5,10,3,10,10,10,10,10,0,3,0,5,10,5,10,10,,,,,,,,,,,,,,,,,,,,,,,,,,,,,,,,,,,,,,,,,,,,,,,,,,,,,,,,,,,,,,,,,,,,,,,,,,,,,,,,,,,,,,,,,,,,,,,,,,,,,,,,,,,,,,,,,,,,,,,,,,,,,,,,,,,,,,,,,,,,,,,,,,,,,,,,,,,,,,,,,,,,,
Research,25,20,0,0,0,0,0,0,10,10,2,10,10,7,7,10,7,10,10,10,5,10,10,5,5,10,10,,,,,,,,,,,,,,,,,,,,,,,,,,,,,,,,,,,,,,,,,,,,,,,,,,,,,,,,,,,,,,,,,,,,,,,,,,,,,,,,,,,,,,,,,,,,,,,,,,,,,,,,,,,,,,,,,,,,,,,,,,,,,,,,,,,,,,,,,,,,,,,,,,,,,,,,,,,,,,,,,,,,
Computing technologies,26,20,0,0,0,0,0,0,10,5,5,3,10,7,3,5,3,10,3,10,3,3,10,5,0,10,0,10,,,,,,,,,,,,,,,,,,,,,,,,,,,,,,,,,,,,,,,,,,,,,,,,,,,,,,,,,,,,,,,,,,,,,,,,,,,,,,,,,,,,,,,,,,,,,,,,,,,,,,,,,,,,,,,,,,,,,,,,,,,,,,,,,,,,,,,,,,,,,,,,,,,,,,,,,,,,,,,,,,,
Data sharing,27,24,0,0,0,0,0,0,7,10,3,10,3,10,10,10,10,10,0,3,0,5,10,10,10,10,10,10,0,,,,,,,,,,,,,,,,,,,,,,,,,,,,,,,,,,,,,,,,,,,,,,,,,,,,,,,,,,,,,,,,,,,,,,,,,,,,,,,,,,,,,,,,,,,,,,,,,,,,,,,,,,,,,,,,,,,,,,,,,,,,,,,,,,,,,,,,,,,,,,,,,,,,,,,,,,,,,,,,,,
Open source models,28,25,0,0,0,0,0,0,8,10,2,3,10,3,3,5,3,7,0,5,0,3,10,0,0,10,0,10,0,10,,,,,,,,,,,,,,,,,,,,,,,,,,,,,,,,,,,,,,,,,,,,,,,,,,,,,,,,,,,,,,,,,,,,,,,,,,,,,,,,,,,,,,,,,,,,,,,,,,,,,,,,,,,,,,,,,,,,,,,,,,,,,,,,,,,,,,,,,,,,,,,,,,,,,,,,,,,,,,,,,
Cloud computing,29,26,0,0,0,0,0,0,10,5,5,3,10,10,3,5,3,10,0,3,0,3,10,5,0,10,0,10,10,3,0,,,,,,,,,,,,,,,,,,,,,,,,,,,,,,,,,,,,,,,,,,,,,,,,,,,,,,,,,,,,,,,,,,,,,,,,,,,,,,,,,,,,,,,,,,,,,,,,,,,,,,,,,,,,,,,,,,,,,,,,,,,,,,,,,,,,,,,,,,,,,,,,,,,,,,,,,,,,,,,,
Edge computing,30,26,0,0,0,0,0,0,10,5,10,10,10,0,5,5,2,10,0,7,0,3,10,10,0,10,0,10,10,3,0,0,,,,,,,,,,,,,,,,,,,,,,,,,,,,,,,,,,,,,,,,,,,,,,,,,,,,,,,,,,,,,,,,,,,,,,,,,,,,,,,,,,,,,,,,,,,,,,,,,,,,,,,,,,,,,,,,,,,,,,,,,,,,,,,,,,,,,,,,,,,,,,,,,,,,,,,,,,,,,,,
Distributed networks,31,26,0,0,0,0,0,0,10,5,10,10,10,10,7,10,2,10,0,7,0,3,10,10,10,10,10,10,10,10,0,5,7,,,,,,,,,,,,,,,,,,,,,,,,,,,,,,,,,,,,,,,,,,,,,,,,,,,,,,,,,,,,,,,,,,,,,,,,,,,,,,,,,,,,,,,,,,,,,,,,,,,,,,,,,,,,,,,,,,,,,,,,,,,,,,,,,,,,,,,,,,,,,,,,,,,,,,,,,,,,,,
Infrastructure monitoring,32,21,0,0,0,0,0,0,10,0,10,10,5,3,7,10,3,10,0,10,0,6,5,10,3,5,8,5,0,5,0,3,5,5,,,,,,,,,,,,,,,,,,,,,,,,,,,,,,,,,,,,,,,,,,,,,,,,,,,,,,,,,,,,,,,,,,,,,,,,,,,,,,,,,,,,,,,,,,,,,,,,,,,,,,,,,,,,,,,,,,,,,,,,,,,,,,,,,,,,,,,,,,,,,,,,,,,,,,,,,,,,,
Construction monitoring,33,21,0,0,0,0,0,0,5,0,10,3,0,3,7,3,10,10,0,10,0,2,3,5,3,5,8,5,0,0,0,3,5,3,0,,,,,,,,,,,,,,,,,,,,,,,,,,,,,,,,,,,,,,,,,,,,,,,,,,,,,,,,,,,,,,,,,,,,,,,,,,,,,,,,,,,,,,,,,,,,,,,,,,,,,,,,,,,,,,,,,,,,,,,,,,,,,,,,,,,,,,,,,,,,,,,,,,,,,,,,,,,,
Accidents detection,34,32,0,0,0,0,0,0,10,3,5,10,10,1,0,3,0,5,0,10,0,0,3,3,0,0,0,0,0,0,0,3,5,5,0,0,,,,,,,,,,,,,,,,,,,,,,,,,,,,,,,,,,,,,,,,,,,,,,,,,,,,,,,,,,,,,,,,,,,,,,,,,,,,,,,,,,,,,,,,,,,,,,,,,,,,,,,,,,,,,,,,,,,,,,,,,,,,,,,,,,,,,,,,,,,,,,,,,,,,,,,,,,,
Traffic monitoring,35,32,0,0,0,0,0,0,6,5,5,10,10,5,0,10,3,5,0,10,0,2,3,7,1,5,5,0,0,5,0,3,5,5,3,0,10,,,,,,,,,,,,,,,,,,,,,,,,,,,,,,,,,,,,,,,,,,,,,,,,,,,,,,,,,,,,,,,,,,,,,,,,,,,,,,,,,,,,,,,,,,,,,,,,,,,,,,,,,,,,,,,,,,,,,,,,,,,,,,,,,,,,,,,,,,,,,,,,,,,,,,,,,,
Infrastructure usage,36,32,0,0,0,0,0,0,10,3,5,10,10,5,0,10,5,10,0,10,0,4,5,7,3,10,5,3,0,5,0,3,5,5,10,0,1,10,,,,,,,,,,,,,,,,,,,,,,,,,,,,,,,,,,,,,,,,,,,,,,,,,,,,,,,,,,,,,,,,,,,,,,,,,,,,,,,,,,,,,,,,,,,,,,,,,,,,,,,,,,,,,,,,,,,,,,,,,,,,,,,,,,,,,,,,,,,,,,,,,,,,,,,,,
Construction quality monitoring,37,33,0,0,0,0,0,0,5,0,10,5,0,2,0,1,10,7,0,10,0,2,5,5,1,3,5,5,0,0,0,3,5,3,3,10,0,0,0,,,,,,,,,,,,,,,,,,,,,,,,,,,,,,,,,,,,,,,,,,,,,,,,,,,,,,,,,,,,,,,,,,,,,,,,,,,,,,,,,,,,,,,,,,,,,,,,,,,,,,,,,,,,,,,,,,,,,,,,,,,,,,,,,,,,,,,,,,,,,,,,,,,,,,,,
Construction site inspection,38,33,0,0,0,0,0,0,0,6,10,3,0,2,0,1,10,8,0,10,0,0,5,5,3,3,5,3,0,0,0,3,5,3,0,10,0,0,0,10,,,,,,,,,,,,,,,,,,,,,,,,,,,,,,,,,,,,,,,,,,,,,,,,,,,,,,,,,,,,,,,,,,,,,,,,,,,,,,,,,,,,,,,,,,,,,,,,,,,,,,,,,,,,,,,,,,,,,,,,,,,,,,,,,,,,,,,,,,,,,,,,,,,,,,,
Construction compliance,39,37,0,0,0,0,0,0,0,0,5,5,0,0,3,0,10,5,0,5,0,5,2,2,1,5,5,7,0,0,0,0,0,0,1,10,0,0,0,10,10,,,,,,,,,,,,,,,,,,,,,,,,,,,,,,,,,,,,,,,,,,,,,,,,,,,,,,,,,,,,,,,,,,,,,,,,,,,,,,,,,,,,,,,,,,,,,,,,,,,,,,,,,,,,,,,,,,,,,,,,,,,,,,,,,,,,,,,,,,,,,,,,,,,,,,
Progress monitoring,40,38,0,0,0,0,0,0,0,0,10,2,0,5,0,1,5,10,0,8,0,0,7,10,1,10,5,5,0,3,0,3,3,3,0,10,0,0,0,10,10,10,,,,,,,,,,,,,,,,,,,,,,,,,,,,,,,,,,,,,,,,,,,,,,,,,,,,,,,,,,,,,,,,,,,,,,,,,,,,,,,,,,,,,,,,,,,,,,,,,,,,,,,,,,,,,,,,,,,,,,,,,,,,,,,,,,,,,,,,,,,,,,,,,,,,,
Site safety,41,38,0,0,0,0,0,0,0,6,10,2,0,2,0,0,0,3,0,5,0,3,2,3,0,0,3,3,0,0,0,0,3,0,0,10,0,0,0,0,10,0,0,,,,,,,,,,,,,,,,,,,,,,,,,,,,,,,,,,,,,,,,,,,,,,,,,,,,,,,,,,,,,,,,,,,,,,,,,,,,,,,,,,,,,,,,,,,,,,,,,,,,,,,,,,,,,,,,,,,,,,,,,,,,,,,,,,,,,,,,,,,,,,,,,,,,
Data quality,42,22,0,0,0,0,0,0,10,5,2,10,10,3,10,10,10,10,0,3,0,3,10,10,10,10,0,10,0,10,0,0,0,0,10,10,5,5,5,10,10,10,5,3,,,,,,,,,,,,,,,,,,,,,,,,,,,,,,,,,,,,,,,,,,,,,,,,,,,,,,,,,,,,,,,,,,,,,,,,,,,,,,,,,,,,,,,,,,,,,,,,,,,,,,,,,,,,,,,,,,,,,,,,,,,,,,,,,,,,,,,,,,,,,,,,,,,
Information fidelity,43,22,0,0,0,0,0,0,10,10,5,10,5,10,3,10,3,10,0,5,0,5,10,10,10,10,10,5,10,10,0,0,5,10,10,10,10,10,10,10,10,10,10,10,10,,,,,,,,,,,,,,,,,,,,,,,,,,,,,,,,,,,,,,,,,,,,,,,,,,,,,,,,,,,,,,,,,,,,,,,,,,,,,,,,,,,,,,,,,,,,,,,,,,,,,,,,,,,,,,,,,,,,,,,,,,,,,,,,,,,,,,,,,,,,,,,,,,
Robots,44,17,0,0,0,0,0,0,10,10,5,5,5,3,0,0,0,0,0,10,3,0,10,3,0,0,0,10,5,0,5,1,5,3,0,0,0,0,0,0,0,0,0,5,3,0,,,,,,,,,,,,,,,,,,,,,,,,,,,,,,,,,,,,,,,,,,,,,,,,,,,,,,,,,,,,,,,,,,,,,,,,,,,,,,,,,,,,,,,,,,,,,,,,,,,,,,,,,,,,,,,,,,,,,,,,,,,,,,,,,,,,,,,,,,,,,,,,,
Design automation,45,17,0,0,0,0,0,0,2,10,0,5,0,1,0,0,10,6,0,10,5,0,10,0,1,10,10,10,8,5,10,3,0,0,0,0,0,3,7,0,0,0,0,0,10,10,0,,,,,,,,,,,,,,,,,,,,,,,,,,,,,,,,,,,,,,,,,,,,,,,,,,,,,,,,,,,,,,,,,,,,,,,,,,,,,,,,,,,,,,,,,,,,,,,,,,,,,,,,,,,,,,,,,,,,,,,,,,,,,,,,,,,,,,,,,,,,,,,,
Reporting automation,46,17,0,0,0,0,0,0,8,10,5,2,0,1,2,10,10,10,0,10,0,0,10,7,1,0,10,8,3,5,10,3,3,3,5,10,3,3,5,7,5,5,5,0,10,10,0,0,,,,,,,,,,,,,,,,,,,,,,,,,,,,,,,,,,,,,,,,,,,,,,,,,,,,,,,,,,,,,,,,,,,,,,,,,,,,,,,,,,,,,,,,,,,,,,,,,,,,,,,,,,,,,,,,,,,,,,,,,,,,,,,,,,,,,,,,,,,,,,,
Inspection automation,47,17,0,0,0,0,0,0,2,10,10,10,0,4,0,10,10,10,0,10,0,0,10,7,0,7,10,5,5,5,10,3,3,3,5,10,0,0,10,10,10,10,5,3,10,10,0,0,10,,,,,,,,,,,,,,,,,,,,,,,,,,,,,,,,,,,,,,,,,,,,,,,,,,,,,,,,,,,,,,,,,,,,,,,,,,,,,,,,,,,,,,,,,,,,,,,,,,,,,,,,,,,,,,,,,,,,,,,,,,,,,,,,,,,,,,,,,,,,,,
Human-machine interface,48,17,0,0,0,0,0,0,8,10,10,10,10,5,0,5,5,5,0,10,3,0,10,3,0,0,0,10,2,0,0,0,0,0,0,3,0,0,0,0,0,0,0,10,0,0,10,5,0,0,,,,,,,,,,,,,,,,,,,,,,,,,,,,,,,,,,,,,,,,,,,,,,,,,,,,,,,,,,,,,,,,,,,,,,,,,,,,,,,,,,,,,,,,,,,,,,,,,,,,,,,,,,,,,,,,,,,,,,,,,,,,,,,,,,,,,,,,,,,,,
Recycling technologies,49,19,0,0,0,0,0,0,10,2,0,5,5,0,0,0,0,0,10,0,7,10,0,0,0,0,0,10,0,0,0,0,0,0,0,0,0,0,0,0,0,0,0,0,0,0,0,0,0,0,0,,,,,,,,,,,,,,,,,,,,,,,,,,,,,,,,,,,,,,,,,,,,,,,,,,,,,,,,,,,,,,,,,,,,,,,,,,,,,,,,,,,,,,,,,,,,,,,,,,,,,,,,,,,,,,,,,,,,,,,,,,,,,,,,,,,,,,,,,,,,
AI for good/bad,50,7,0,0,0,0,0,0,0,10,10,5,0,10,2,5,5,5,0,5,0,0,10,10,0,0,5,10,0,10,10,0,0,0,0,0,0,0,0,0,0,0,0,0,0,0,0,0,0,0,0,0,,,,,,,,,,,,,,,,,,,,,,,,,,,,,,,,,,,,,,,,,,,,,,,,,,,,,,,,,,,,,,,,,,,,,,,,,,,,,,,,,,,,,,,,,,,,,,,,,,,,,,,,,,,,,,,,,,,,,,,,,,,,,,,,,,,,,,,,,,,
Data norms and standards,51,7,0,0,0,0,0,0,10,10,0,5,0,3,5,10,5,10,0,5,0,3,10,10,10,10,10,10,10,10,0,0,0,10,0,0,0,0,0,10,0,10,5,0,10,10,0,7,10,7,0,0,0,,,,,,,,,,,,,,,,,,,,,,,,,,,,,,,,,,,,,,,,,,,,,,,,,,,,,,,,,,,,,,,,,,,,,,,,,,,,,,,,,,,,,,,,,,,,,,,,,,,,,,,,,,,,,,,,,,,,,,,,,,,,,,,,,,,,,,,,,,
Autonomous vehicles,52,8,0,0,0,0,0,0,8,10,0,10,10,5,0,10,0,7,0,10,0,5,10,10,0,0,0,10,10,3,10,3,10,10,0,0,3,3,0,0,0,0,0,0,0,0,0,0,0,0,10,0,0,0,,,,,,,,,,,,,,,,,,,,,,,,,,,,,,,,,,,,,,,,,,,,,,,,,,,,,,,,,,,,,,,,,,,,,,,,,,,,,,,,,,,,,,,,,,,,,,,,,,,,,,,,,,,,,,,,,,,,,,,,,,,,,,,,,,,,,,,,,
Flying cars and delivery drones,53,8,0,0,0,0,0,0,5,10,10,10,10,5,0,10,0,0,5,5,0,0,7,5,0,0,0,10,10,0,10,3,10,10,0,0,0,0,0,0,0,0,0,0,0,0,0,0,0,0,5,0,0,0,0,,,,,,,,,,,,,,,,,,,,,,,,,,,,,,,,,,,,,,,,,,,,,,,,,,,,,,,,,,,,,,,,,,,,,,,,,,,,,,,,,,,,,,,,,,,,,,,,,,,,,,,,,,,,,,,,,,,,,,,,,,,,,,,,,,,,,,,,
Inspection drones,54,8,0,0,0,0,0,0,0,5,10,10,0,5,0,10,5,7,0,6,0,0,5,5,0,0,0,3,3,0,3,3,5,0,3,5,0,0,5,5,5,0,3,3,3,0,0,0,5,10,0,0,0,0,0,0,,,,,,,,,,,,,,,,,,,,,,,,,,,,,,,,,,,,,,,,,,,,,,,,,,,,,,,,,,,,,,,,,,,,,,,,,,,,,,,,,,,,,,,,,,,,,,,,,,,,,,,,,,,,,,,,,,,,,,,,,,,,,,,,,,,,,,,
Vehicle ownership,55,52,0,0,0,0,0,0,0,10,0,5,10,0,0,0,0,0,0,5,0,10,0,0,0,0,0,0,0,0,0,0,0,0,0,0,0,0,0,0,0,0,0,0,0,0,0,0,0,0,0,0,0,0,10,0,0,,,,,,,,,,,,,,,,,,,,,,,,,,,,,,,,,,,,,,,,,,,,,,,,,,,,,,,,,,,,,,,,,,,,,,,,,,,,,,,,,,,,,,,,,,,,,,,,,,,,,,,,,,,,,,,,,,,,,,,,,,,,,,,,,,,,,,
Road signalisation,56,52,0,0,0,0,0,0,0,0,0,7,10,1,0,3,3,5,1,0,0,0,0,0,0,1,0,0,0,0,0,0,0,0,0,0,0,3,0,0,0,0,0,0,0,0,0,0,0,0,0,0,0,0,10,0,0,0,,,,,,,,,,,,,,,,,,,,,,,,,,,,,,,,,,,,,,,,,,,,,,,,,,,,,,,,,,,,,,,,,,,,,,,,,,,,,,,,,,,,,,,,,,,,,,,,,,,,,,,,,,,,,,,,,,,,,,,,,,,,,,,,,,,,,
Vehicle telemetry,57,52,0,0,0,0,0,0,0,10,0,5,10,5,0,10,0,8,0,5,0,0,3,10,0,3,0,0,3,3,0,0,5,0,2,0,3,5,3,0,0,0,0,0,5,0,0,0,0,0,0,0,0,7,10,0,0,0,0,,,,,,,,,,,,,,,,,,,,,,,,,,,,,,,,,,,,,,,,,,,,,,,,,,,,,,,,,,,,,,,,,,,,,,,,,,,,,,,,,,,,,,,,,,,,,,,,,,,,,,,,,,,,,,,,,,,,,,,,,,,,,,,,,,,,
Vehicle usage optimization,58,52,0,0,0,0,0,0,4,0,0,5,10,7,0,5,0,10,0,5,0,10,5,3,1,7,7,5,5,5,0,5,7,7,0,0,0,5,0,0,0,0,0,0,0,0,0,0,0,0,0,0,0,5,10,0,0,7,0,10,,,,,,,,,,,,,,,,,,,,,,,,,,,,,,,,,,,,,,,,,,,,,,,,,,,,,,,,,,,,,,,,,,,,,,,,,,,,,,,,,,,,,,,,,,,,,,,,,,,,,,,,,,,,,,,,,,,,,,,,,,,,,,,,,,,
Delivery cost decrease,59,58,0,0,0,0,0,0,10,0,10,5,10,3,0,5,0,5,2,5,5,7,5,3,0,10,3,0,0,3,0,0,0,0,0,0,0,3,0,0,0,0,0,0,0,0,5,0,0,0,0,0,0,0,10,5,0,0,0,0,7,,,,,,,,,,,,,,,,,,,,,,,,,,,,,,,,,,,,,,,,,,,,,,,,,,,,,,,,,,,,,,,,,,,,,,,,,,,,,,,,,,,,,,,,,,,,,,,,,,,,,,,,,,,,,,,,,,,,,,,,,,,,,,,,,,
Urban design,60,9,0,0,0,0,0,0,3,0,5,10,10,7,7,10,10,10,5,5,4,9,5,3,3,10,10,5,3,5,0,3,3,5,3,0,3,7,10,0,0,0,0,0,7,0,0,10,0,0,0,0,0,5,7,10,0,0,3,0,0,3,,,,,,,,,,,,,,,,,,,,,,,,,,,,,,,,,,,,,,,,,,,,,,,,,,,,,,,,,,,,,,,,,,,,,,,,,,,,,,,,,,,,,,,,,,,,,,,,,,,,,,,,,,,,,,,,,,,,,,,,,,,,,,,,,
Infrastructure resilience,61,9,0,0,0,0,0,0,10,4,2,10,3,10,10,5,10,10,10,3,4,5,7,8,3,10,7,8,3,8,0,1,3,5,10,0,5,7,10,10,0,10,0,0,10,10,0,7,0,0,0,0,0,0,0,0,7,0,3,0,0,3,10,,,,,,,,,,,,,,,,,,,,,,,,,,,,,,,,,,,,,,,,,,,,,,,,,,,,,,,,,,,,,,,,,,,,,,,,,,,,,,,,,,,,,,,,,,,,,,,,,,,,,,,,,,,,,,,,,,,,,,,,,,,,,,,,
Automated traffic control,62,9,0,0,0,0,0,0,1,0,5,10,10,5,0,8,0,10,0,10,0,1,10,5,1,2,5,3,3,3,0,3,5,10,0,0,5,10,0,0,0,0,0,0,5,10,0,0,0,0,0,0,0,0,10,0,0,0,10,5,0,1,0,0,,,,,,,,,,,,,,,,,,,,,,,,,,,,,,,,,,,,,,,,,,,,,,,,,,,,,,,,,,,,,,,,,,,,,,,,,,,,,,,,,,,,,,,,,,,,,,,,,,,,,,,,,,,,,,,,,,,,,,,,,,,,,,,
Infrastructure sharing,63,60,0,0,0,0,0,0,0,0,0,10,10,5,0,0,6,3,0,0,0,6,0,3,0,5,0,0,0,0,0,0,0,0,0,0,5,5,5,0,0,0,0,0,0,0,0,0,0,0,0,0,0,0,10,0,0,0,10,5,0,0,10,0,10,,,,,,,,,,,,,,,,,,,,,,,,,,,,,,,,,,,,,,,,,,,,,,,,,,,,,,,,,,,,,,,,,,,,,,,,,,,,,,,,,,,,,,,,,,,,,,,,,,,,,,,,,,,,,,,,,,,,,,,,,,,,,,
Utilities resilience,64,61,0,0,0,0,0,0,0,0,0,0,0,0,0,0,0,0,0,0,0,0,0,0,0,0,0,0,0,0,0,0,0,0,0,0,0,0,0,0,0,0,0,0,0,0,0,0,0,0,0,0,0,0,0,0,0,0,0,0,0,0,0,10,0,0,,,,,,,,,,,,,,,,,,,,,,,,,,,,,,,,,,,,,,,,,,,,,,,,,,,,,,,,,,,,,,,,,,,,,,,,,,,,,,,,,,,,,,,,,,,,,,,,,,,,,,,,,,,,,,,,,,,,,,,,,,,,,
Wastewater system resilience,65,64,0,0,0,0,0,0,2,0,0,10,0,4,10,7,10,10,3,0,0,7,5,7,2,7,7,0,2,0,0,1,3,5,10,0,0,0,10,10,0,10,0,0,10,10,0,7,0,0,0,0,0,0,0,0,0,0,0,0,0,0,10,10,0,0,0,,,,,,,,,,,,,,,,,,,,,,,,,,,,,,,,,,,,,,,,,,,,,,,,,,,,,,,,,,,,,,,,,,,,,,,,,,,,,,,,,,,,,,,,,,,,,,,,,,,,,,,,,,,,,,,,,,,,,,,,,,,,
Sewage system resilience,66,64,0,0,0,0,0,0,4,0,0,10,0,4,10,7,10,10,3,0,0,7,5,5,2,7,7,0,2,0,0,1,3,5,10,0,0,0,10,10,0,10,0,0,10,10,0,7,0,0,0,0,0,0,0,0,0,0,0,0,0,0,10,10,0,0,0,10,,,,,,,,,,,,,,,,,,,,,,,,,,,,,,,,,,,,,,,,,,,,,,,,,,,,,,,,,,,,,,,,,,,,,,,,,,,,,,,,,,,,,,,,,,,,,,,,,,,,,,,,,,,,,,,,,,,,,,,,,,,
Water supply system resilience,67,64,0,0,0,0,0,0,4,1,1,10,0,5,10,7,10,10,4,5,3,7,3,10,5,8,8,3,3,5,3,3,3,5,10,0,0,0,10,10,0,10,0,0,10,10,0,7,0,0,0,0,0,0,0,0,0,0,0,0,0,0,10,10,0,0,0,10,0,,,,,,,,,,,,,,,,,,,,,,,,,,,,,,,,,,,,,,,,,,,,,,,,,,,,,,,,,,,,,,,,,,,,,,,,,,,,,,,,,,,,,,,,,,,,,,,,,,,,,,,,,,,,,,,,,,,,,,,,,,
Gas distribution resilience,68,64,0,0,0,0,0,0,8,0,3,10,0,4,3,7,10,10,4,0,0,10,3,7,3,7,7,0,2,0,0,0,3,5,10,0,0,0,10,10,0,10,0,0,10,10,0,3,0,0,0,0,0,0,0,0,0,0,0,0,0,0,3,10,0,0,0,0,0,0,,,,,,,,,,,,,,,,,,,,,,,,,,,,,,,,,,,,,,,,,,,,,,,,,,,,,,,,,,,,,,,,,,,,,,,,,,,,,,,,,,,,,,,,,,,,,,,,,,,,,,,,,,,,,,,,,,,,,,,,,
Electrical grid resilience,69,64,0,0,0,0,0,0,4,1,2,10,5,7,10,7,10,10,4,5,3,3,3,10,5,8,8,3,3,5,3,3,3,5,10,0,0,0,10,10,0,10,0,0,10,10,0,5,0,0,0,0,0,0,0,0,5,0,0,0,0,0,3,10,0,0,0,0,0,10,10,,,,,,,,,,,,,,,,,,,,,,,,,,,,,,,,,,,,,,,,,,,,,,,,,,,,,,,,,,,,,,,,,,,,,,,,,,,,,,,,,,,,,,,,,,,,,,,,,,,,,,,,,,,,,,,,,,,,,,,,
Intermodality,70,10,0,0,0,0,0,0,10,0,5,10,10,10,0,7,10,8,0,3,0,7,3,5,5,8,7,5,3,5,0,3,3,5,0,0,3,10,7,0,0,0,0,0,5,10,0,5,0,0,0,0,0,0,10,10,0,7,0,7,0,10,10,0,0,10,0,0,0,0,0,0,,,,,,,,,,,,,,,,,,,,,,,,,,,,,,,,,,,,,,,,,,,,,,,,,,,,,,,,,,,,,,,,,,,,,,,,,,,,,,,,,,,,,,,,,,,,,,,,,,,,,,,,,,,,,,,,,,,,,,,
Active transportation,71,10,0,0,0,0,0,0,0,0,0,10,10,2,0,0,3,0,3,0,0,7,0,0,0,0,0,0,0,0,0,0,0,0,0,0,0,0,0,0,0,0,0,0,0,0,0,0,0,0,0,0,0,0,0,0,0,3,0,0,0,0,10,0,10,10,0,0,0,0,0,0,5,,,,,,,,,,,,,,,,,,,,,,,,,,,,,,,,,,,,,,,,,,,,,,,,,,,,,,,,,,,,,,,,,,,,,,,,,,,,,,,,,,,,,,,,,,,,,,,,,,,,,,,,,,,,,,,,,,,,,,
Alternative energy sources,72,10,0,0,0,0,0,0,10,0,3,5,10,0,0,0,0,0,10,0,0,10,0,0,0,2,0,10,0,0,0,0,0,0,0,0,0,0,0,0,0,0,0,0,0,0,0,0,0,0,0,0,0,0,0,0,0,0,0,0,0,10,0,0,0,0,0,0,0,0,0,0,0,0,,,,,,,,,,,,,,,,,,,,,,,,,,,,,,,,,,,,,,,,,,,,,,,,,,,,,,,,,,,,,,,,,,,,,,,,,,,,,,,,,,,,,,,,,,,,,,,,,,,,,,,,,,,,,,,,,,,,,
Public transportation,73,10,0,0,0,0,0,0,2,0,0,10,10,2,0,3,3,5,2,5,0,6,3,3,0,5,3,0,0,0,0,0,0,3,0,0,3,10,0,0,0,0,0,0,3,5,0,0,0,0,0,0,0,0,10,0,0,7,0,0,0,0,7,0,10,10,0,0,0,0,0,0,10,5,3,,,,,,,,,,,,,,,,,,,,,,,,,,,,,,,,,,,,,,,,,,,,,,,,,,,,,,,,,,,,,,,,,,,,,,,,,,,,,,,,,,,,,,,,,,,,,,,,,,,,,,,,,,,,,,,,,,,,
Ride sharing,74,10,0,0,0,0,0,0,0,0,0,10,10,10,0,3,0,2,0,3,0,4,5,5,0,5,3,0,0,3,0,0,0,3,0,0,0,10,0,0,0,0,0,0,5,5,0,0,0,0,0,0,0,0,10,0,0,10,0,5,7,0,0,0,10,5,0,0,0,0,0,0,5,0,0,3,,,,,,,,,,,,,,,,,,,,,,,,,,,,,,,,,,,,,,,,,,,,,,,,,,,,,,,,,,,,,,,,,,,,,,,,,,,,,,,,,,,,,,,,,,,,,,,,,,,,,,,,,,,,,,,,,,,
Remote working,75,11,0,0,0,0,0,0,5,0,0,10,5,10,0,0,0,0,0,0,0,10,5,3,0,0,10,0,0,3,0,0,0,0,0,0,0,3,0,0,0,0,0,0,0,0,0,0,0,0,5,0,0,0,0,0,0,10,0,0,0,0,7,0,0,0,0,0,0,0,0,5,0,0,0,3,0,,,,,,,,,,,,,,,,,,,,,,,,,,,,,,,,,,,,,,,,,,,,,,,,,,,,,,,,,,,,,,,,,,,,,,,,,,,,,,,,,,,,,,,,,,,,,,,,,,,,,,,,,,,,,,,,,,
5G,76,11,0,0,0,0,0,0,10,10,10,10,10,10,3,10,1,10,0,10,0,2,10,10,5,3,10,7,7,3,0,5,7,10,3,3,0,3,5,2,2,0,2,0,0,10,0,0,0,3,0,0,0,5,10,0,1,0,0,0,0,0,0,0,0,0,0,0,0,0,0,0,0,0,0,0,0,0,0,,,,,,,,,,,,,,,,,,,,,,,,,,,,,,,,,,,,,,,,,,,,,,,,,,,,,,,,,,,,,,,,,,,,,,,,,,,,,,,,,,,,,,,,,,,,,,,,,,,,,,,,,,,,,,,,
Digital communication,77,11,0,0,0,0,0,0,10,10,10,10,10,10,0,10,3,10,0,10,0,10,10,10,10,10,10,5,10,10,0,3,0,10,5,7,5,5,10,7,7,0,7,0,0,10,3,0,0,5,10,0,0,5,10,0,3,0,0,3,3,0,0,0,0,0,0,0,0,0,0,3,5,0,0,0,5,10,10,0,,,,,,,,,,,,,,,,,,,,,,,,,,,,,,,,,,,,,,,,,,,,,,,,,,,,,,,,,,,,,,,,,,,,,,,,,,,,,,,,,,,,,,,,,,,,,,,,,,,,,,,,,,,,,,,
Cloud technology,78,11,0,0,0,0,0,0,10,5,5,5,10,10,3,10,3,10,0,10,0,3,10,10,10,10,10,5,10,10,0,10,0,5,5,5,5,5,10,5,5,0,5,0,5,10,3,10,5,5,0,0,0,3,10,0,3,0,0,5,0,0,0,0,0,0,0,0,0,0,0,3,0,0,0,0,0,10,10,10,0,,,,,,,,,,,,,,,,,,,,,,,,,,,,,,,,,,,,,,,,,,,,,,,,,,,,,,,,,,,,,,,,,,,,,,,,,,,,,,,,,,,,,,,,,,,,,,,,,,,,,,,,,,,,,,
Social media,79,77,0,0,0,0,0,0,4,10,0,10,3,10,0,5,1,5,0,0,0,0,10,0,0,0,0,7,3,10,5,3,0,0,3,0,5,0,0,3,0,0,0,0,0,0,0,0,0,0,3,0,0,0,0,0,0,0,0,0,0,0,0,0,0,0,0,0,0,0,0,0,0,0,0,0,0,3,0,10,10,0,,,,,,,,,,,,,,,,,,,,,,,,,,,,,,,,,,,,,,,,,,,,,,,,,,,,,,,,,,,,,,,,,,,,,,,,,,,,,,,,,,,,,,,,,,,,,,,,,,,,,,,,,,,,,
e-commerce,80,77,0,0,0,0,0,0,8,2,10,5,7,10,0,0,0,0,0,5,3,8,8,0,0,0,3,5,3,3,5,3,0,0,0,0,0,0,0,0,0,0,0,0,0,0,5,0,0,0,0,0,0,0,10,10,0,0,0,0,0,5,0,0,0,0,0,0,0,0,0,3,0,0,0,0,0,0,0,10,10,5,0,,,,,,,,,,,,,,,,,,,,,,,,,,,,,,,,,,,,,,,,,,,,,,,,,,,,,,,,,,,,,,,,,,,,,,,,,,,,,,,,,,,,,,,,,,,,,,,,,,,,,,,,,,,,
Natural resources,81,5,0,0,0,0,0,0,10,0,1,10,5,3,0,0,3,0,10,0,5,10,3,0,0,4,0,0,0,0,0,0,0,0,0,0,0,0,0,0,0,0,0,0,0,0,0,0,0,0,0,7,0,0,0,0,0,0,0,0,0,0,0,0,0,0,0,0,0,0,0,0,0,0,7,0,0,0,0,0,0,0,0,0,,,,,,,,,,,,,,,,,,,,,,,,,,,,,,,,,,,,,,,,,,,,,,,,,,,,,,,,,,,,,,,,,,,,,,,,,,,,,,,,,,,,,,,,,,,,,,,,,,,,,,,,,,,
Sustainability,82,5,0,0,0,0,0,0,10,10,1,5,10,3,5,3,10,3,10,0,3,10,5,5,0,7,0,10,0,0,0,0,0,0,0,0,0,0,0,0,0,0,0,0,0,0,0,0,0,0,0,7,0,0,0,0,0,3,0,0,3,0,10,0,0,0,0,0,0,0,0,0,0,0,7,3,2,4,0,0,0,0,0,0,0,,,,,,,,,,,,,,,,,,,,,,,,,,,,,,,,,,,,,,,,,,,,,,,,,,,,,,,,,,,,,,,,,,,,,,,,,,,,,,,,,,,,,,,,,,,,,,,,,,,,,,,,,,
Renewable resources,83,81,0,0,0,0,0,0,10,0,0,10,5,0,0,0,0,0,10,0,0,10,3,0,0,3,0,0,0,0,0,0,0,0,0,0,0,0,0,0,0,0,0,0,0,0,0,0,0,0,0,3,0,0,0,0,0,0,0,0,0,0,0,0,0,0,0,0,0,0,0,0,0,0,7,0,0,0,0,0,0,0,0,0,0,0,,,,,,,,,,,,,,,,,,,,,,,,,,,,,,,,,,,,,,,,,,,,,,,,,,,,,,,,,,,,,,,,,,,,,,,,,,,,,,,,,,,,,,,,,,,,,,,,,,,,,,,,,
Non renewable resources,84,81,0,0,0,0,0,0,10,0,0,10,5,0,0,0,0,0,10,0,3,10,3,0,0,3,0,0,0,0,0,0,0,0,0,0,0,0,0,0,0,0,0,0,0,0,0,0,0,0,0,10,0,0,0,0,0,0,0,0,0,0,0,0,0,0,0,0,0,0,0,0,0,0,7,0,0,0,0,0,0,0,0,0,0,0,0,,,,,,,,,,,,,,,,,,,,,,,,,,,,,,,,,,,,,,,,,,,,,,,,,,,,,,,,,,,,,,,,,,,,,,,,,,,,,,,,,,,,,,,,,,,,,,,,,,,,,,,,
Land sustainability,85,82,0,0,0,0,0,0,10,10,0,10,5,0,5,1,10,3,10,0,1,10,3,2,0,5,0,10,0,0,0,0,0,0,0,0,0,0,0,0,0,0,0,0,0,0,0,0,0,0,0,7,0,0,0,0,0,0,0,0,0,0,10,0,0,0,0,0,0,0,0,0,0,0,0,0,0,0,0,0,0,0,0,0,0,10,10,0,,,,,,,,,,,,,,,,,,,,,,,,,,,,,,,,,,,,,,,,,,,,,,,,,,,,,,,,,,,,,,,,,,,,,,,,,,,,,,,,,,,,,,,,,,,,,,,,,,,,,,,
Water sustainability,86,82,0,0,0,0,0,0,10,10,0,10,2,0,5,1,10,5,10,0,0,10,5,5,0,5,0,10,0,0,0,0,0,0,0,0,0,0,0,0,0,0,0,0,0,0,0,0,0,0,0,3,0,0,0,0,0,0,0,0,0,0,10,0,0,0,0,3,8,5,0,0,0,0,0,0,0,0,0,0,0,0,0,0,0,10,10,10,0,,,,,,,,,,,,,,,,,,,,,,,,,,,,,,,,,,,,,,,,,,,,,,,,,,,,,,,,,,,,,,,,,,,,,,,,,,,,,,,,,,,,,,,,,,,,,,,,,,,,,,
Air sustainability,87,82,0,0,0,0,0,0,10,10,1,10,10,0,0,1,5,1,10,0,0,10,5,5,0,5,0,10,0,0,0,0,0,0,0,0,0,0,0,0,0,0,0,0,0,0,0,0,0,0,0,3,0,0,0,0,0,0,0,0,0,0,10,0,0,0,0,0,0,0,0,0,0,0,7,3,2,4,0,0,0,0,0,0,0,10,10,10,10,0,,,,,,,,,,,,,,,,,,,,,,,,,,,,,,,,,,,,,,,,,,,,,,,,,,,,,,,,,,,,,,,,,,,,,,,,,,,,,,,,,,,,,,,,,,,,,,,,,,,,,
Ecosystem sustainability,88,82,0,0,0,0,0,0,10,10,3,10,3,3,3,1,10,5,10,0,1,10,5,5,0,5,0,10,0,0,0,0,0,0,0,0,0,0,0,0,0,0,0,0,0,0,0,0,0,0,0,5,0,0,0,3,0,0,0,0,0,0,10,0,0,0,0,3,8,5,0,0,0,0,4,0,0,0,0,0,0,0,0,0,0,10,10,10,10,10,0,,,,,,,,,,,,,,,,,,,,,,,,,,,,,,,,,,,,,,,,,,,,,,,,,,,,,,,,,,,,,,,,,,,,,,,,,,,,,,,,,,,,,,,,,,,,,,,,,,,,
Erosion,89,85,0,0,0,0,0,0,0,0,0,6,0,0,10,0,5,0,3,0,0,0,0,0,0,0,0,0,0,0,0,0,0,0,0,0,0,0,0,0,0,0,0,0,0,0,0,0,0,0,0,0,0,0,0,0,0,0,0,0,0,0,10,0,0,0,0,0,0,0,0,0,0,0,0,0,0,0,0,0,0,0,0,0,0,0,0,10,10,0,3,0,,,,,,,,,,,,,,,,,,,,,,,,,,,,,,,,,,,,,,,,,,,,,,,,,,,,,,,,,,,,,,,,,,,,,,,,,,,,,,,,,,,,,,,,,,,,,,,,,,,
Land pollution,90,85,0,0,0,0,0,0,8,10,0,10,5,0,0,0,5,0,10,0,1,10,2,0,0,3,0,0,0,0,0,0,0,0,0,0,0,0,0,0,0,10,0,0,0,0,0,0,0,0,0,4,0,0,0,0,0,0,0,0,0,0,0,0,0,0,0,0,0,0,0,0,0,0,0,0,0,0,0,0,0,0,0,0,0,10,0,10,5,0,10,0,0,,,,,,,,,,,,,,,,,,,,,,,,,,,,,,,,,,,,,,,,,,,,,,,,,,,,,,,,,,,,,,,,,,,,,,,,,,,,,,,,,,,,,,,,,,,,,,,,,,
Construction waste,91,90,0,0,0,0,0,0,4,0,0,2,0,0,0,0,3,3,10,0,3,5,2,0,0,3,0,0,0,0,0,0,0,0,0,0,0,0,0,0,0,0,0,0,0,0,0,0,0,0,0,4,0,0,0,0,0,0,0,0,0,0,0,0,0,0,0,0,0,0,0,0,0,0,0,0,0,0,0,0,0,0,0,0,0,0,0,1,1,0,1,0,1,0,,,,,,,,,,,,,,,,,,,,,,,,,,,,,,,,,,,,,,,,,,,,,,,,,,,,,,,,,,,,,,,,,,,,,,,,,,,,,,,,,,,,,,,,,,,,,,,,,
Water pollution,94,86,0,0,0,0,0,0,10,10,0,10,2,0,5,0,5,0,10,0,0,10,2,0,0,3,0,0,0,0,0,0,0,0,0,0,0,0,0,0,0,10,0,0,0,0,0,0,0,0,0,2,0,0,0,0,0,0,0,0,0,0,0,0,0,0,0,5,10,0,0,0,0,0,0,0,0,0,0,0,0,0,0,0,0,0,0,0,10,0,10,3,3,1,0,,,,,,,,,,,,,,,,,,,,,,,,,,,,,,,,,,,,,,,,,,,,,,,,,,,,,,,,,,,,,,,,,,,,,,,,,,,,,,,,,,,,,,,,,,,,,,,,
Climate change,95,87,0,0,0,0,0,0,10,10,0,10,10,0,0,0,3,1,10,0,0,10,3,0,0,5,0,10,0,0,0,0,0,0,0,0,0,0,0,0,0,0,0,0,0,0,0,0,0,0,0,2,0,0,0,0,0,0,0,0,0,0,0,0,0,0,0,0,0,0,0,0,0,0,7,3,2,4,0,0,0,0,0,0,0,0,10,10,10,10,10,3,0,0,0,0,,,,,,,,,,,,,,,,,,,,,,,,,,,,,,,,,,,,,,,,,,,,,,,,,,,,,,,,,,,,,,,,,,,,,,,,,,,,,,,,,,,,,,,,,,,,,,,
Mobility greenhouse gas emission,98,95,0,0,0,0,0,0,0,0,5,7,10,0,0,0,0,2,10,0,0,10,0,3,0,3,0,3,0,0,0,0,0,0,0,0,0,3,0,0,0,0,0,0,0,0,0,0,0,0,0,0,0,0,5,0,0,0,0,0,7,0,3,0,0,3,0,0,0,0,0,0,0,3,10,3,2,4,0,0,0,0,3,0,0,0,0,0,0,10,0,0,0,0,0,10,0,,,,,,,,,,,,,,,,,,,,,,,,,,,,,,,,,,,,,,,,,,,,,,,,,,,,,,,,,,,,,,,,,,,,,,,,,,,,,,,,,,,,,,,,,,,,,,
Manufacturing greenhouse gas emission,99,95,0,0,0,0,0,0,10,0,0,3,3,0,0,0,0,3,10,0,3,10,3,3,0,5,0,3,0,0,0,0,0,0,0,0,0,0,0,0,0,0,0,0,0,0,0,0,0,0,0,2,0,0,0,0,0,0,0,0,3,0,0,0,0,0,0,0,0,0,0,0,0,0,10,0,0,0,0,0,0,0,0,0,0,5,5,0,0,10,0,0,0,0,0,10,0,0,,,,,,,,,,,,,,,,,,,,,,,,,,,,,,,,,,,,,,,,,,,,,,,,,,,,,,,,,,,,,,,,,,,,,,,,,,,,,,,,,,,,,,,,,,,,,
Steel production,100,99,0,0,0,0,0,0,10,0,0,5,3,0,0,0,0,3,3,3,0,6,0,7,0,5,0,3,3,0,0,3,3,0,0,0,0,0,0,0,0,10,0,0,7,10,0,0,0,0,0,2,0,0,0,0,0,0,0,0,0,0,0,0,0,0,0,0,0,0,3,3,0,0,0,0,0,0,0,0,0,0,0,0,0,7,10,0,0,0,0,0,10,0,3,0,0,10,0,,,,,,,,,,,,,,,,,,,,,,,,,,,,,,,,,,,,,,,,,,,,,,,,,,,,,,,,,,,,,,,,,,,,,,,,,,,,,,,,,,,,,,,,,,,,
Concrete production,101,99,0,0,0,0,0,0,10,0,0,5,0,0,0,0,0,3,5,3,0,6,0,5,0,5,0,3,3,0,0,3,3,0,0,0,0,0,0,0,0,10,0,0,7,10,0,0,0,0,0,5,0,0,0,0,0,0,0,0,0,0,0,0,0,0,0,0,0,0,3,3,0,0,0,0,0,0,0,0,0,0,0,0,0,7,10,0,0,0,0,0,10,0,3,0,0,10,0,0,,,,,,,,,,,,,,,,,,,,,,,,,,,,,,,,,,,,,,,,,,,,,,,,,,,,,,,,,,,,,,,,,,,,,,,,,,,,,,,,,,,,,,,,,,,
Gravel and sand extraction,102,99,0,0,0,0,0,0,10,0,0,5,0,0,0,0,0,1,3,3,0,2,0,2,0,2,0,0,0,0,0,0,0,0,0,0,0,0,0,0,0,3,0,0,3,3,0,0,0,0,0,0,0,0,0,0,0,0,0,0,0,0,0,0,0,0,0,0,0,0,0,0,0,0,0,0,0,0,0,0,0,0,0,0,0,3,10,0,0,0,0,0,5,0,0,0,0,3,2,4,0,,,,,,,,,,,,,,,,,,,,,,,,,,,,,,,,,,,,,,,,,,,,,,,,,,,,,,,,,,,,,,,,,,,,,,,,,,,,,,,,,,,,,,,,,,
Asphalt production,103,99,0,0,0,0,0,0,10,0,0,5,0,0,0,0,0,2,3,3,0,2,0,2,0,2,0,1,1,0,0,1,3,0,0,0,0,0,0,0,0,10,0,0,3,3,0,0,0,0,0,3,0,0,0,0,0,0,0,0,0,0,0,0,0,0,0,0,0,0,0,0,0,0,0,0,0,0,0,0,0,0,0,0,0,3,10,0,0,0,0,0,5,0,0,0,0,3,0,0,4,0,,,,,,,,,,,,,,,,,,,,,,,,,,,,,,,,,,,,,,,,,,,,,,,,,,,,,,,,,,,,,,,,,,,,,,,,,,,,,,,,,,,,,,,,,
Petroleum derivatives production,104,103,0,0,0,0,0,0,10,0,0,5,0,0,0,0,0,3,5,3,0,9,0,7,0,5,0,5,3,0,0,3,5,0,0,0,0,0,0,0,0,3,0,0,7,10,0,0,0,0,0,3,0,0,0,0,0,0,0,0,0,0,0,0,0,0,0,0,0,0,3,3,0,0,0,0,0,0,0,0,0,0,0,0,0,5,10,0,0,0,0,0,5,0,5,0,0,6,0,0,0,3,0,,,,,,,,,,,,,,,,,,,,,,,,,,,,,,,,,,,,,,,,,,,,,,,,,,,,,,,,,,,,,,,,,,,,,,,,,,,,,,,,,,,,,,,,
"Habitat destruction, fragmentation, and alteration",105,88,0,0,0,0,0,0,2,0,3,10,3,1,5,0,10,2,0,0,0,7,0,0,0,7,0,0,0,0,0,0,0,0,0,0,0,0,0,0,0,10,0,0,3,3,0,0,0,0,0,0,0,0,0,0,0,0,0,0,0,0,7,0,0,0,0,0,0,0,0,0,0,0,0,0,0,0,0,0,0,0,0,0,0,10,10,5,3,0,10,3,0,0,0,5,0,0,0,0,0,0,0,0,,,,,,,,,,,,,,,,,,,,,,,,,,,,,,,,,,,,,,,,,,,,,,,,,,,,,,,,,,,,,,,,,,,,,,,,,,,,,,,,,,,,,,,
Deforestation,106,105,0,0,0,0,0,0,2,0,3,10,0,1,0,0,10,2,3,0,0,10,0,0,0,2,0,0,0,0,0,0,0,0,0,0,0,0,0,0,0,10,0,0,0,0,0,0,0,0,0,0,0,0,0,0,0,0,0,0,0,0,5,0,0,0,0,0,0,0,0,0,0,0,0,0,0,0,0,0,0,0,0,0,0,10,3,5,3,5,10,3,3,0,0,10,0,0,0,0,0,0,0,10,0,,,,,,,,,,,,,,,,,,,,,,,,,,,,,,,,,,,,,,,,,,,,,,,,,,,,,,,,,,,,,,,,,,,,,,,,,,,,,,,,,,,,,,
Biodiversity destruction,107,105,0,0,0,0,0,0,8,10,3,10,3,1,0,0,10,2,5,0,0,10,0,0,0,5,0,0,0,0,0,0,0,0,0,0,0,0,0,0,0,10,0,0,3,3,0,0,0,0,0,0,0,0,0,3,0,0,0,0,0,0,7,0,0,0,0,2,5,5,0,0,0,0,4,0,0,0,0,0,0,0,0,0,0,10,5,10,10,0,10,2,7,0,10,10,0,0,0,0,0,0,0,10,10,0,,,,,,,,,,,,,,,,,,,,,,,,,,,,,,,,,,,,,,,,,,,,,,,,,,,,,,,,,,,,,,,,,,,,,,,,,,,,,,,,,,,,,
Safety,108,3,0,0,0,0,0,0,10,10,10,10,10,3,10,5,10,5,3,7,2,0,3,5,0,0,3,0,0,0,0,0,0,0,5,3,7,0,5,0,5,10,0,5,0,6,3,0,0,0,5,0,0,0,8,10,5,0,10,3,0,0,5,0,0,10,0,2,5,5,5,5,0,0,0,3,0,3,0,0,0,0,0,0,0,0,0,0,0,0,0,5,7,0,0,0,0,0,0,0,0,0,0,0,0,0,0,,,,,,,,,,,,,,,,,,,,,,,,,,,,,,,,,,,,,,,,,,,,,,,,,,,,,,,,,,,,,,,,,,,,,,,,,,,,,,,,,,,,
Skills and education,109,3,0,0,0,0,0,0,10,10,2,8,5,10,10,4,10,4,7,10,5,10,10,5,3,5,3,10,8,3,10,7,7,7,5,5,0,0,5,7,7,7,7,7,10,0,7,3,3,3,3,0,0,0,0,7,0,0,0,0,0,0,0,0,0,0,0,0,0,0,0,0,0,3,0,0,0,2,7,7,7,0,0,0,0,0,0,0,0,0,0,0,0,0,0,0,0,0,0,0,0,0,0,0,0,0,0,0,,,,,,,,,,,,,,,,,,,,,,,,,,,,,,,,,,,,,,,,,,,,,,,,,,,,,,,,,,,,,,,,,,,,,,,,,,,,,,,,,,,
Health,110,3,0,0,0,0,0,0,0,10,0,5,0,3,0,0,0,2,5,0,0,10,0,0,0,2,0,10,0,0,0,0,0,0,3,0,0,0,3,0,5,5,0,0,0,0,0,0,0,0,0,0,0,0,0,0,0,0,0,0,0,0,5,0,0,0,0,2,7,7,0,3,0,0,0,0,0,0,0,0,0,0,0,0,0,0,0,10,10,10,10,0,7,0,10,5,0,0,0,0,0,0,0,0,0,0,0,0,0,,,,,,,,,,,,,,,,,,,,,,,,,,,,,,,,,,,,,,,,,,,,,,,,,,,,,,,,,,,,,,,,,,,,,,,,,,,,,,,,,,
Quality of life,111,3,0,0,0,0,0,0,4,10,0,10,7,5,0,0,5,5,3,7,0,10,7,3,0,3,0,10,0,0,0,0,0,0,3,0,0,5,5,0,0,5,0,0,0,0,5,0,0,0,0,0,0,0,3,0,0,0,0,0,0,0,10,0,3,0,0,2,5,5,2,10,3,5,0,0,0,10,0,0,0,0,0,0,0,0,0,10,10,10,10,0,7,0,0,5,0,0,0,0,0,0,0,5,5,5,0,10,10,0,,,,,,,,,,,,,,,,,,,,,,,,,,,,,,,,,,,,,,,,,,,,,,,,,,,,,,,,,,,,,,,,,,,,,,,,,,,,,,,,,
Social acceptance,112,3,0,0,0,0,0,0,10,10,5,10,10,5,0,5,10,10,10,10,0,10,8,10,3,0,10,7,0,10,0,5,5,5,10,6,10,5,5,5,7,8,5,7,0,0,8,3,0,0,5,10,10,0,10,10,0,10,0,5,0,0,8,0,0,0,0,10,10,10,10,10,0,0,10,10,10,0,0,0,3,10,0,0,0,10,10,10,10,10,10,0,10,0,10,10,10,10,0,0,0,0,0,10,10,10,0,0,10,10,0,,,,,,,,,,,,,,,,,,,,,,,,,,,,,,,,,,,,,,,,,,,,,,,,,,,,,,,,,,,,,,,,,,,,,,,,,,,,,,,,
Demographics,113,3,0,0,0,0,0,0,7,0,0,10,8,3,0,0,0,0,0,7,0,10,0,0,0,0,0,0,0,0,0,0,0,0,0,0,0,0,0,0,0,0,0,0,0,0,8,0,0,0,0,0,0,0,0,0,0,0,0,0,0,0,10,0,0,0,0,0,0,0,0,0,0,0,0,0,0,0,0,0,0,0,0,0,0,0,0,0,0,0,0,0,0,0,0,0,0,0,0,0,0,0,0,0,0,0,0,0,0,0,0,0,,,,,,,,,,,,,,,,,,,,,,,,,,,,,,,,,,,,,,,,,,,,,,,,,,,,,,,,,,,,,,,,,,,,,,,,,,,,,,,
Wealth,114,3,0,0,0,0,0,0,10,10,0,7,10,10,1,3,5,5,7,10,3,3,10,0,0,3,8,10,3,0,10,3,0,0,0,0,0,0,0,0,0,0,0,0,0,0,10,3,3,3,0,0,0,0,5,0,0,3,0,0,0,5,3,0,0,0,0,0,0,0,0,0,0,0,0,0,0,0,0,0,0,0,0,0,0,5,5,0,0,0,0,0,0,0,0,0,0,0,0,0,0,0,0,0,0,0,0,0,0,10,0,0,0,,,,,,,,,,,,,,,,,,,,,,,,,,,,,,,,,,,,,,,,,,,,,,,,,,,,,,,,,,,,,,,,,,,,,,,,,,,,,,
Workers safety,115,108,0,0,0,0,0,0,10,10,10,2,0,1,1,0,2,3,3,10,0,0,2,3,0,0,0,0,1,0,0,0,1,0,0,5,0,0,0,0,10,0,0,10,0,6,5,0,0,1,5,0,0,0,0,0,5,0,0,0,0,0,0,0,0,0,0,0,0,0,0,0,0,0,0,0,0,0,0,0,0,0,0,0,0,0,0,0,0,0,0,0,0,0,0,0,0,0,0,0,0,0,0,0,0,0,0,0,10,10,10,0,0,0,,,,,,,,,,,,,,,,,,,,,,,,,,,,,,,,,,,,,,,,,,,,,,,,,,,,,,,,,,,,,,,,,,,,,,,,,,,,,
Road users safety,116,108,0,0,0,0,0,0,0,6,2,10,10,0,5,5,5,5,3,5,0,0,3,3,0,1,0,0,1,0,0,0,1,0,3,0,10,0,2,3,0,10,0,0,3,10,0,0,0,0,0,0,0,0,10,0,3,0,10,3,0,0,3,5,3,3,0,1,0,0,0,1,0,5,0,0,0,0,0,0,0,0,0,0,0,0,0,0,0,0,0,3,0,0,0,0,0,0,0,0,0,0,0,0,0,0,0,0,10,10,10,0,0,0,0,,,,,,,,,,,,,,,,,,,,,,,,,,,,,,,,,,,,,,,,,,,,,,,,,,,,,,,,,,,,,,,,,,,,,,,,,,,,
Citizens safety,117,108,0,0,0,0,0,0,5,10,10,10,10,0,5,5,5,5,3,2,0,0,3,3,0,1,0,0,0,0,0,0,0,0,3,2,10,0,2,1,7,10,0,5,3,10,0,0,0,0,0,0,0,0,10,10,7,0,10,5,0,0,5,5,5,5,0,1,5,5,0,5,0,0,0,0,0,0,0,0,0,0,0,0,0,0,0,0,0,0,0,3,0,0,0,0,0,0,0,0,0,0,0,0,0,0,0,0,10,10,10,0,0,0,0,0,,,,,,,,,,,,,,,,,,,,,,,,,,,,,,,,,,,,,,,,,,,,,,,,,,,,,,,,,,,,,,,,,,,,,,,,,,,
COVID-19,120,110,0,0,0,0,0,0,0,0,0,5,10,2,0,0,0,0,3,10,0,0,3,0,0,5,0,7,0,0,0,0,0,0,0,0,0,0,0,0,0,0,0,0,0,0,10,0,0,0,0,0,0,0,0,0,0,0,0,0,0,0,0,0,0,0,0,0,0,0,0,0,0,0,0,7,10,10,0,0,0,0,10,0,0,0,0,0,0,0,0,0,0,0,0,0,0,0,0,0,0,0,0,0,0,0,0,0,10,5,0,0,0,10,0,10,0,,,,,,,,,,,,,,,,,,,,,,,,,,,,,,,,,,,,,,,,,,,,,,,,,,,,,,,,,,,,,,,,,,,,,,,,,,
Social inequalities,121,112,0,0,0,0,0,0,10,10,0,5,7,10,0,0,0,0,3,10,3,5,10,3,0,1,7,5,0,0,10,0,0,0,0,0,0,0,0,0,0,0,0,0,0,0,10,0,0,0,0,0,10,0,0,0,0,3,0,0,0,3,3,0,0,0,0,0,0,0,0,0,0,0,0,5,0,0,0,0,0,0,0,0,0,0,0,0,0,0,0,0,0,0,0,0,0,0,0,0,0,0,0,0,0,0,0,0,0,7,10,0,0,0,0,0,0,0,,,,,,,,,,,,,,,,,,,,,,,,,,,,,,,,,,,,,,,,,,,,,,,,,,,,,,,,,,,,,,,,,,,,,,,,,
Ressetlement and land grabing,122,112,0,0,0,0,0,0,0,0,0,10,0,0,0,0,5,0,0,0,0,3,0,0,0,0,0,0,0,0,0,0,0,0,0,0,0,0,0,0,0,0,0,0,0,0,0,0,0,0,0,0,0,0,0,0,0,0,0,0,0,0,10,0,0,0,0,0,0,0,0,0,0,0,0,0,0,0,0,0,0,0,0,0,0,0,0,0,0,0,0,0,0,0,0,0,0,0,0,0,0,0,0,0,0,0,0,0,0,0,0,0,0,0,0,0,0,0,0,,,,,,,,,,,,,,,,,,,,,,,,,,,,,,,,,,,,,,,,,,,,,,,,,,,,,,,,,,,,,,,,,,,,,,,,
Unequal transport access,123,121,0,0,0,0,0,0,0,0,10,3,5,2,0,0,0,0,0,0,0,0,0,0,0,0,0,0,0,0,0,0,0,0,0,0,0,0,0,0,0,0,0,0,0,0,0,0,0,0,0,0,0,0,7,0,0,5,0,0,0,0,0,0,0,0,0,0,0,0,0,0,3,0,0,7,0,10,0,0,0,0,0,0,0,0,0,0,0,0,0,0,0,0,0,0,0,0,0,0,0,0,0,0,0,0,0,0,0,3,0,0,0,0,0,0,0,10,0,0,,,,,,,,,,,,,,,,,,,,,,,,,,,,,,,,,,,,,,,,,,,,,,,,,,,,,,,,,,,,,,,,,,,,,,,
Population growth,124,113,0,0,0,0,0,0,10,0,0,10,2,2,0,0,0,2,0,3,0,10,0,0,0,0,0,0,0,0,0,0,0,0,0,0,5,0,8,0,0,0,0,0,0,0,0,0,0,0,0,0,0,0,0,0,0,0,0,0,0,0,10,0,0,0,0,0,0,0,0,0,0,0,0,5,0,0,0,0,0,0,0,0,0,10,10,10,10,10,10,0,10,10,10,10,10,10,0,0,0,0,10,10,10,0,0,0,0,0,0,0,0,0,0,0,0,0,0,0,0,,,,,,,,,,,,,,,,,,,,,,,,,,,,,,,,,,,,,,,,,,,,,,,,,,,,,,,,,,,,,,,,,,,,,,
Aging population,125,113,0,0,0,0,0,0,5,0,0,10,7,1,0,0,0,2,0,8,0,3,0,0,0,0,0,0,0,0,0,0,0,0,0,0,5,0,8,0,0,0,0,0,0,0,10,0,0,0,5,0,0,0,3,0,0,0,0,0,0,0,10,0,0,0,0,0,0,0,0,0,0,3,0,5,0,0,0,0,0,0,0,0,0,0,0,0,0,0,0,0,0,0,0,0,0,0,0,0,0,0,0,0,0,0,0,0,5,3,0,0,0,0,0,0,0,0,0,0,0,0,,,,,,,,,,,,,,,,,,,,,,,,,,,,,,,,,,,,,,,,,,,,,,,,,,,,,,,,,,,,,,,,,,,,,
Urbanization,126,122,0,0,0,0,0,0,5,0,0,10,8,4,3,0,3,10,3,0,0,10,0,3,0,5,0,0,0,0,0,0,0,0,0,0,5,10,8,0,0,0,0,0,0,0,0,0,0,0,0,0,0,0,6,8,0,7,0,0,0,0,10,0,0,0,0,10,10,10,3,5,10,5,0,10,5,10,0,0,0,0,0,0,0,3,5,3,3,3,3,0,3,3,5,5,0,0,0,0,0,0,0,3,0,5,0,0,0,0,0,0,0,0,10,0,0,0,5,0,10,0,0,,,,,,,,,,,,,,,,,,,,,,,,,,,,,,,,,,,,,,,,,,,,,,,,,,,,,,,,,,,,,,,,,,,,
Economic development,127,2,0,0,0,0,0,0,10,10,2,10,10,10,0,1,3,5,5,10,3,10,10,5,3,5,10,10,7,10,10,3,3,5,0,0,0,0,5,0,0,0,0,0,7,10,8,0,0,0,3,3,0,0,10,5,0,8,0,0,0,10,5,7,0,0,0,3,10,10,10,10,10,0,0,5,0,7,10,10,5,0,0,0,0,10,10,10,10,10,10,0,10,10,10,10,10,10,10,10,10,10,3,0,0,0,0,10,10,0,0,0,10,0,0,10,10,10,0,0,10,0,10,0,,,,,,,,,,,,,,,,,,,,,,,,,,,,,,,,,,,,,,,,,,,,,,,,,,,,,,,,,,,,,,,,,,,
Economic structure transformation,128,2,0,0,0,0,0,0,7,10,0,3,5,5,0,0,3,0,3,10,3,10,10,3,0,2,10,10,8,10,10,8,8,10,0,0,0,0,0,0,0,0,0,0,0,0,10,3,0,0,7,3,0,0,10,3,0,10,0,0,0,5,0,0,0,0,0,0,3,5,0,5,5,0,3,0,0,7,3,10,3,0,10,0,0,0,0,10,10,10,10,0,0,0,0,10,0,10,0,0,0,0,0,0,0,0,0,10,0,0,0,0,0,0,0,0,0,0,0,0,0,0,10,10,0,,,,,,,,,,,,,,,,,,,,,,,,,,,,,,,,,,,,,,,,,,,,,,,,,,,,,,,,,,,,,,,,,,
Trade,129,2,0,0,0,0,0,0,10,0,2,5,7,10,0,0,5,2,3,8,5,10,7,5,3,5,5,10,7,5,3,5,3,3,0,0,0,3,3,0,0,0,0,0,5,10,0,0,0,0,0,0,0,0,8,3,0,3,0,0,0,10,0,7,0,0,0,0,0,0,0,0,10,0,0,0,0,0,0,10,0,0,10,0,0,10,10,10,10,10,10,0,0,0,0,0,10,10,0,0,0,0,0,0,0,0,0,10,0,0,0,0,10,0,0,0,0,0,0,0,0,0,0,10,10,0,,,,,,,,,,,,,,,,,,,,,,,,,,,,,,,,,,,,,,,,,,,,,,,,,,,,,,,,,,,,,,,,,
Productivity,130,2,0,0,0,0,0,0,10,10,10,6,10,10,0,2,5,7,3,10,5,10,10,10,8,10,7,10,10,10,10,7,7,7,7,3,1,7,7,0,2,0,2,2,10,10,10,5,5,5,10,5,0,10,10,3,3,7,0,0,7,10,5,7,2,0,0,0,0,5,5,10,3,0,0,0,0,5,5,10,3,0,0,0,0,3,7,7,7,7,7,0,0,0,0,0,0,3,0,0,0,0,0,0,0,0,0,10,0,10,0,0,10,10,0,0,5,0,0,0,0,0,0,10,10,10,0,,,,,,,,,,,,,,,,,,,,,,,,,,,,,,,,,,,,,,,,,,,,,,,,,,,,,,,,,,,,,,,,
Entrepreneurship,131,127,0,0,0,0,0,0,10,10,10,10,10,10,2,2,2,8,10,10,10,10,10,7,3,3,8,10,10,10,10,5,5,7,3,3,0,0,0,0,0,0,0,0,0,0,5,5,3,5,3,5,0,0,10,10,5,3,0,0,0,0,0,0,0,0,0,0,0,0,0,0,0,0,0,0,0,0,5,10,0,0,7,0,0,0,0,0,0,0,0,0,0,0,0,0,0,0,0,0,0,0,0,0,0,0,0,10,0,0,0,0,10,0,0,0,0,0,0,0,0,0,0,10,10,10,0,0,,,,,,,,,,,,,,,,,,,,,,,,,,,,,,,,,,,,,,,,,,,,,,,,,,,,,,,,,,,,,,,
Stock market,132,127,0,0,0,0,0,0,10,5,0,2,7,7,0,0,0,1,0,4,2,5,10,0,0,10,5,10,10,5,0,10,0,0,4,0,0,0,0,0,0,0,0,0,5,5,5,0,0,0,0,0,5,0,3,0,0,0,0,0,0,0,0,0,0,0,0,0,0,0,0,0,0,0,0,0,0,0,0,10,0,0,0,0,0,0,0,10,10,10,10,0,0,0,0,10,0,0,0,0,0,0,0,0,0,0,0,0,0,0,0,0,10,0,0,0,10,10,0,0,0,0,0,10,10,10,0,10,0,,,,,,,,,,,,,,,,,,,,,,,,,,,,,,,,,,,,,,,,,,,,,,,,,,,,,,,,,,,,,,
Employment,133,127,0,0,0,0,0,0,10,10,4,5,10,10,0,0,0,4,2,10,8,5,10,3,0,0,0,3,5,0,7,5,5,3,3,1,0,0,0,0,7,0,0,3,0,0,8,5,3,5,8,0,0,0,10,3,3,0,0,0,0,7,0,0,0,0,0,0,0,0,0,0,0,0,0,0,0,10,0,3,0,0,7,0,0,0,0,0,0,0,0,0,0,0,0,0,0,0,0,0,0,0,0,0,0,0,0,10,0,10,0,0,10,10,0,0,10,0,0,10,10,0,0,10,10,10,10,10,5,0,,,,,,,,,,,,,,,,,,,,,,,,,,,,,,,,,,,,,,,,,,,,,,,,,,,,,,,,,,,,,
Economy of sustainability,134,131,0,0,0,0,0,0,7,10,0,10,5,3,0,1,3,4,10,5,3,10,10,0,0,5,0,10,0,0,0,0,0,0,3,3,0,0,3,0,3,0,0,3,0,0,0,0,0,0,0,10,0,0,3,0,0,0,0,0,0,0,8,0,0,3,0,0,0,0,0,0,0,5,10,3,0,3,0,0,0,0,0,0,0,10,10,10,10,10,10,0,10,0,10,10,10,10,0,0,0,0,0,0,10,3,0,10,0,0,10,0,10,0,0,0,10,0,0,0,0,0,0,10,10,10,0,10,10,10,0,,,,,,,,,,,,,,,,,,,,,,,,,,,,,,,,,,,,,,,,,,,,,,,,,,,,,,,,,,,,
Private investments,135,131,0,0,0,0,0,0,10,2,2,5,10,10,2,1,3,5,10,10,10,3,10,7,5,5,5,10,10,3,10,5,5,3,5,5,0,0,7,0,0,0,0,7,7,7,10,7,7,7,7,7,0,5,10,10,10,10,0,0,0,0,0,0,0,0,0,5,5,5,10,5,5,0,10,0,0,10,10,0,0,0,0,0,0,10,10,10,10,10,10,0,0,0,0,0,0,0,0,0,0,0,0,0,0,0,0,3,0,0,0,0,10,0,0,0,0,0,0,0,0,0,0,10,10,10,10,10,10,10,10,0,,,,,,,,,,,,,,,,,,,,,,,,,,,,,,,,,,,,,,,,,,,,,,,,,,,,,,,,,,,
Cost of externalities,136,134,0,0,0,0,0,0,4,0,0,5,5,0,0,0,3,3,10,0,3,10,3,0,0,8,0,0,0,0,0,0,0,0,0,0,0,2,4,0,0,0,0,5,0,0,0,0,0,0,0,10,0,0,0,0,0,0,0,0,0,0,0,0,0,0,0,0,0,0,0,0,0,0,0,0,0,0,0,0,0,0,0,0,0,10,10,10,10,10,10,0,10,0,10,10,10,10,0,0,0,0,0,10,10,10,0,0,0,0,10,0,10,0,0,0,0,0,0,0,0,0,0,0,0,10,10,0,10,0,10,0,0,,,,,,,,,,,,,,,,,,,,,,,,,,,,,,,,,,,,,,,,,,,,,,,,,,,,,,,,,,
Carbon market,137,136,0,0,0,0,0,0,10,0,0,3,10,0,0,0,0,3,10,0,3,10,0,0,0,5,0,0,0,0,0,0,0,0,0,0,0,5,5,0,0,0,0,0,0,0,0,0,0,0,0,3,0,0,0,0,0,0,0,0,0,0,0,0,0,0,0,0,0,0,0,0,0,3,10,3,1,1,0,0,0,0,0,0,0,10,10,0,0,5,3,0,0,0,0,10,5,5,0,0,0,0,0,0,5,0,0,0,0,0,0,0,0,0,0,0,0,0,0,0,0,0,0,0,0,0,3,0,10,0,10,0,10,0,,,,,,,,,,,,,,,,,,,,,,,,,,,,,,,,,,,,,,,,,,,,,,,,,,,,,,,,,
Innovation,138,135,0,0,0,0,0,0,10,10,10,10,10,10,3,5,3,10,10,10,10,10,10,10,5,10,10,10,10,10,10,10,10,10,7,3,1,3,5,3,3,10,3,3,10,10,10,10,10,10,10,10,10,10,10,10,8,0,0,0,3,10,10,5,0,4,0,0,3,3,3,3,3,0,10,3,5,5,10,10,5,3,5,0,0,10,10,10,10,10,10,0,10,3,10,10,10,10,0,0,0,0,0,0,5,0,0,10,10,0,10,0,10,0,0,0,10,0,0,0,0,0,0,10,10,10,10,10,0,10,10,10,0,0,0,,,,,,,,,,,,,,,,,,,,,,,,,,,,,,,,,,,,,,,,,,,,,,,,,,,,,,,,
Employment sector shift,139,133,0,0,0,0,0,0,10,0,4,0,10,10,0,0,0,4,0,10,10,5,10,2,0,0,0,10,10,5,10,7,3,3,0,0,0,0,0,0,0,0,0,3,0,0,10,6,3,5,8,0,0,0,10,5,3,0,0,0,0,0,0,0,0,0,0,0,0,0,0,0,0,0,0,0,0,3,0,0,3,0,5,0,0,0,0,0,0,0,0,0,0,0,0,0,0,0,0,0,0,0,0,0,0,0,0,10,0,0,0,0,0,0,0,0,0,0,0,0,0,0,0,0,10,0,10,0,0,10,10,10,0,0,10,0,,,,,,,,,,,,,,,,,,,,,,,,,,,,,,,,,,,,,,,,,,,,,,,,,,,,,,,
Employment spatial mismatch,140,133,0,0,0,0,0,0,2,0,0,0,2,2,0,0,0,0,0,10,5,0,5,0,0,0,0,10,7,3,10,5,0,0,0,0,0,0,0,0,0,0,0,0,0,0,6,0,0,0,0,0,0,0,0,0,0,0,0,0,0,0,0,0,0,0,0,0,0,0,0,5,0,0,0,3,0,10,0,5,3,0,0,0,0,0,0,0,0,0,0,0,0,0,0,0,0,0,0,0,0,0,0,0,0,0,0,10,0,0,0,0,0,0,0,0,0,0,0,10,0,0,5,0,10,0,0,0,0,10,0,0,0,0,0,0,0,,,,,,,,,,,,,,,,,,,,,,,,,,,,,,,,,,,,,,,,,,,,,,,,,,,,,,
Subsistence to commerce agriculture,142,128,0,0,0,0,0,0,0,0,0,0,0,0,0,0,3,0,3,10,0,10,0,0,0,0,0,5,0,0,0,0,0,0,0,0,0,0,0,0,0,0,0,0,0,0,3,0,0,0,0,0,0,0,0,5,0,0,0,0,0,0,0,0,0,0,0,0,0,0,0,0,0,0,0,0,0,0,0,0,0,0,0,0,0,10,0,5,5,0,5,0,10,0,10,10,0,0,0,0,0,0,0,10,10,10,0,0,0,0,0,0,5,0,0,0,0,0,0,0,0,0,0,10,10,3,10,0,0,0,0,0,0,0,0,10,0,0,,,,,,,,,,,,,,,,,,,,,,,,,,,,,,,,,,,,,,,,,,,,,,,,,,,,,
Localisation of activities,143,128,0,0,0,0,0,0,2,0,0,3,7,3,0,0,3,0,0,8,10,10,5,0,0,5,0,10,6,5,5,6,0,0,0,0,0,7,7,0,0,0,0,0,0,0,0,0,0,0,0,0,0,0,7,7,0,0,0,0,0,3,10,0,0,0,0,0,0,0,0,5,5,0,0,0,0,10,0,5,3,0,0,0,0,5,5,0,0,0,0,0,5,0,0,0,3,0,0,0,0,0,0,0,0,0,0,5,0,0,0,0,0,0,0,0,5,0,0,10,0,0,10,0,10,0,3,0,0,5,0,10,0,0,0,0,10,0,0,,,,,,,,,,,,,,,,,,,,,,,,,,,,,,,,,,,,,,,,,,,,,,,,,,,,
Industrialization,144,128,0,0,0,0,0,0,6,0,0,3,3,6,0,0,3,2,3,10,7,10,5,8,0,3,0,3,3,0,0,3,4,0,0,0,0,0,0,0,0,0,0,0,0,0,10,0,0,0,0,0,0,0,0,0,0,0,0,0,0,7,3,0,0,0,0,0,5,5,10,10,3,0,0,0,0,0,0,0,0,0,0,0,0,10,10,10,10,10,10,0,10,0,10,10,0,10,0,0,0,0,0,3,0,5,0,5,0,0,0,0,5,0,0,0,0,0,0,0,7,0,0,10,10,0,10,10,0,10,0,10,0,0,0,10,0,0,10,0,,,,,,,,,,,,,,,,,,,,,,,,,,,,,,,,,,,,,,,,,,,,,,,,,,,
Manufacturing concentration/spreading,145,143,0,0,0,0,0,0,2,0,0,3,10,3,0,0,3,3,0,5,10,10,0,5,0,5,0,10,3,3,0,3,0,3,0,0,0,3,5,0,0,0,0,0,0,0,5,0,0,0,0,0,0,0,0,0,0,0,0,0,0,10,5,3,0,0,0,0,5,5,5,5,5,0,0,0,0,0,0,0,0,0,0,0,0,5,5,3,3,0,3,0,10,0,0,0,5,0,0,0,0,0,0,0,2,5,0,0,0,0,0,0,0,0,0,0,0,0,0,0,0,0,5,0,0,0,5,0,0,0,0,0,0,0,0,0,0,0,10,0,0,,,,,,,,,,,,,,,,,,,,,,,,,,,,,,,,,,,,,,,,,,,,,,,,,,
Urban spreading,146,143,0,0,0,0,0,0,0,0,0,10,10,0,0,0,5,2,0,5,5,5,0,0,0,5,0,0,0,0,0,0,0,0,0,0,0,5,5,0,0,0,0,0,0,0,0,0,0,0,0,0,0,0,10,10,0,5,0,0,0,0,10,7,0,0,0,5,5,5,3,3,5,0,0,3,0,10,0,0,0,0,3,0,0,2,0,3,3,0,3,0,3,3,0,0,5,0,0,0,0,0,0,3,4,5,0,0,0,0,0,0,0,0,0,0,10,0,0,10,10,0,10,0,0,0,0,0,0,0,0,0,0,0,0,0,0,0,10,0,3,0,,,,,,,,,,,,,,,,,,,,,,,,,,,,,,,,,,,,,,,,,,,,,,,,,
Rural poverty,147,143,0,0,0,0,0,0,0,0,0,0,3,3,0,0,0,0,0,0,5,0,0,0,0,0,0,0,0,0,0,0,0,0,0,0,0,0,0,0,0,0,0,0,0,0,0,0,0,0,0,0,0,0,0,0,0,0,0,0,0,0,0,0,0,0,0,0,0,0,0,0,0,0,0,0,0,10,0,3,0,0,0,0,0,0,0,0,0,0,0,0,0,0,0,0,0,0,0,0,0,0,0,0,0,0,0,10,0,0,0,0,0,0,0,0,0,10,0,10,0,0,0,10,10,0,0,0,0,0,0,0,0,0,0,0,0,10,0,0,3,0,0,,,,,,,,,,,,,,,,,,,,,,,,,,,,,,,,,,,,,,,,,,,,,,,,
Congestion,149,130,0,0,0,0,0,0,2,0,2,10,10,0,0,0,3,5,0,4,1,3,0,3,0,5,0,0,0,0,0,0,0,0,0,0,5,10,0,0,0,0,0,0,0,0,0,0,0,0,0,0,0,0,5,3,0,3,2,0,0,0,5,0,10,3,0,0,0,0,0,0,5,2,0,3,3,5,0,0,0,0,0,0,0,0,0,0,0,3,0,0,0,0,0,2,2,0,0,0,0,0,0,0,0,0,0,0,0,2,10,0,0,0,0,0,5,0,0,0,10,0,0,0,0,0,0,0,0,0,0,0,0,0,0,0,0,0,0,0,0,5,0,0,,,,,,,,,,,,,,,,,,,,,,,,,,,,,,,,,,,,,,,,,,,,,,,
Absenteism,150,130,0,0,0,0,0,0,0,0,0,3,2,5,0,0,0,0,0,0,0,0,0,0,0,0,0,0,0,0,0,0,0,0,0,0,0,0,0,0,7,0,0,5,0,0,0,0,0,0,0,0,0,0,0,0,0,0,0,0,0,0,0,0,0,0,0,0,0,0,0,0,0,0,0,0,0,5,0,3,0,0,0,0,0,0,0,0,0,0,0,0,0,0,0,0,0,0,0,0,0,0,0,0,0,0,0,0,0,0,0,0,0,10,0,0,5,0,0,0,0,0,0,0,0,0,0,0,0,0,0,0,0,0,0,0,0,0,0,0,0,0,0,0,0,,,,,,,,,,,,,,,,,,,,,,,,,,,,,,,,,,,,,,,,,,,,,,
Logistic optimization,151,130,0,0,0,0,0,0,10,0,10,10,10,10,0,5,5,10,0,10,10,10,10,5,5,10,7,7,5,5,5,3,3,5,6,0,6,8,7,0,0,0,0,0,10,10,5,0,0,0,0,0,0,0,10,10,0,0,0,0,4,10,7,10,0,0,0,0,0,0,3,0,7,0,0,0,0,0,0,10,3,0,10,0,0,0,0,0,0,0,0,0,0,0,0,7,10,0,0,0,0,0,0,0,0,0,0,10,0,0,0,0,10,0,0,0,0,0,0,0,0,0,0,10,0,10,10,0,0,0,0,5,0,0,5,0,0,0,10,0,5,5,0,10,0,0,,,,,,,,,,,,,,,,,,,,,,,,,,,,,,,,,,,,,,,,,,,,,
"Laws, regulations, and standards",152,1,0,0,0,0,0,0,6,10,10,8,10,10,10,3,10,10,10,10,10,10,10,10,7,3,10,10,5,10,7,5,3,4,10,10,10,3,10,10,10,10,0,10,7,7,5,10,10,10,3,10,10,10,10,10,10,3,7,3,7,10,10,10,5,0,0,10,10,10,10,10,0,0,10,3,0,0,5,10,5,0,0,0,0,10,10,10,10,10,10,0,10,10,10,10,10,10,0,0,0,0,0,10,10,10,0,0,10,10,10,0,0,10,10,10,0,0,0,0,0,0,0,10,5,10,10,5,10,0,10,10,10,10,10,0,0,0,5,10,0,0,0,0,0,0,0,,,,,,,,,,,,,,,,,,,,,,,,,,,,,,,,,,,,,,,,,,,,
National security,153,1,0,0,0,0,0,0,5,5,2,5,5,10,0,0,3,3,5,8,0,10,10,0,0,0,10,10,7,5,10,5,0,5,5,0,0,0,5,2,0,5,0,0,7,7,3,0,0,0,0,0,10,0,7,7,0,0,0,0,0,0,0,10,0,0,0,0,2,10,10,10,3,0,10,0,0,0,10,10,10,10,0,0,0,5,10,10,10,10,10,0,7,0,10,10,0,0,0,0,0,0,0,0,0,3,0,0,0,0,10,0,0,0,0,10,5,0,0,0,0,0,0,10,0,10,0,0,0,0,0,0,0,0,0,0,0,0,5,0,3,0,0,0,0,0,10,0,,,,,,,,,,,,,,,,,,,,,,,,,,,,,,,,,,,,,,,,,,,
Geopolitics,154,1,0,0,0,0,0,0,4,10,1,0,4,10,0,0,0,0,5,3,0,10,7,0,0,3,5,5,3,5,0,3,0,0,0,0,0,0,0,0,0,0,0,3,7,7,0,0,0,0,0,0,7,0,5,0,0,0,0,0,0,0,0,0,0,0,0,0,0,5,5,3,3,0,5,0,0,0,5,5,5,0,3,0,0,5,5,10,10,10,10,0,0,0,7,7,3,3,0,0,0,0,0,0,0,5,0,3,0,0,10,0,10,0,0,0,5,5,0,0,7,0,0,10,3,10,0,0,0,0,10,3,10,10,0,0,0,0,3,3,3,0,0,0,0,0,10,10,0,,,,,,,,,,,,,,,,,,,,,,,,,,,,,,,,,,,,,,,,,,
State programs and policies,155,1,0,0,0,0,0,0,8,10,10,10,5,3,3,3,3,7,3,5,3,10,5,3,8,5,10,10,3,10,10,1,0,5,10,5,3,10,10,10,10,10,0,10,10,10,7,0,0,0,0,10,10,0,8,0,7,7,0,0,0,0,5,10,0,0,0,10,10,10,10,10,3,3,10,10,0,3,0,0,0,0,3,0,0,10,10,10,10,10,10,0,10,10,10,10,5,7,0,0,0,0,0,10,10,10,0,10,10,10,10,0,10,0,0,0,10,10,0,10,0,0,0,10,10,10,10,10,0,10,10,10,0,10,5,0,0,0,0,10,0,0,0,0,0,0,10,10,5,0,,,,,,,,,,,,,,,,,,,,,,,,,,,,,,,,,,,,,,,,,
Political system,156,1,0,0,0,0,0,0,0,0,0,0,0,0,0,0,0,0,0,0,0,0,0,0,0,0,0,0,0,0,0,0,0,0,0,0,0,0,0,0,0,0,0,0,0,0,0,0,0,0,0,0,0,0,0,0,0,0,0,0,0,0,0,0,0,0,0,0,0,0,0,0,0,0,0,0,0,0,0,0,0,0,0,0,0,0,0,0,0,0,0,0,0,0,0,0,0,0,0,0,0,0,0,0,0,0,0,0,0,0,0,0,0,0,0,0,0,0,0,0,0,0,0,0,0,0,0,0,0,0,0,0,0,0,0,0,0,0,0,0,0,0,0,0,0,0,0,0,0,0,0,,,,,,,,,,,,,,,,,,,,,,,,,,,,,,,,,,,,,,,,
Corruption,157,152,0,0,0,0,0,0,2,0,0,10,0,0,2,0,4,0,0,0,0,0,0,0,0,0,0,0,0,0,0,0,0,0,0,0,0,0,0,5,5,5,0,0,0,0,0,0,0,0,0,0,0,0,0,0,0,0,0,0,0,0,0,0,0,0,0,0,0,0,0,0,0,0,0,0,0,0,0,0,0,0,0,0,0,0,0,0,0,0,0,0,0,0,0,0,0,0,0,0,0,0,0,0,0,0,0,0,0,0,10,0,0,0,0,0,0,3,0,0,0,0,0,0,0,3,0,0,0,0,0,5,0,0,0,0,0,0,0,0,0,0,0,0,0,0,10,0,3,0,0,0,,,,,,,,,,,,,,,,,,,,,,,,,,,,,,,,,,,,,,,
AEC norms and standards,158,152,0,0,0,0,0,0,0,5,5,5,0,0,10,7,10,10,10,8,10,10,10,10,0,5,3,8,0,0,0,0,0,0,7,10,0,5,7,10,10,10,0,10,3,0,0,10,10,10,0,0,0,10,5,1,0,0,3,0,0,0,10,10,0,0,0,10,10,10,10,10,10,3,0,1,0,0,0,0,0,0,0,0,0,0,0,2,5,1,5,0,0,0,0,0,0,0,0,0,0,0,0,0,0,0,0,0,0,0,0,0,0,0,10,10,0,0,0,0,0,0,0,0,0,0,0,0,0,0,0,0,0,0,10,0,0,0,0,0,0,0,0,2,0,0,10,0,0,0,0,3,0,,,,,,,,,,,,,,,,,,,,,,,,,,,,,,,,,,,,,,
Environmental protection laws,159,152,0,0,0,0,0,0,0,5,0,10,3,0,5,0,5,5,10,0,5,10,3,3,0,8,0,8,0,0,0,0,0,0,5,0,0,3,10,0,3,10,0,0,0,0,0,0,0,0,0,10,0,0,0,0,0,3,0,0,0,3,5,0,0,0,0,10,10,10,10,3,0,0,10,5,3,1,0,0,0,0,0,0,0,10,10,10,10,10,10,0,10,10,10,10,10,10,0,0,0,0,0,10,10,10,0,0,0,0,10,0,0,0,0,0,0,0,0,0,0,0,0,0,0,0,0,0,0,0,10,5,10,10,0,0,0,0,0,0,0,0,0,0,0,0,10,0,3,0,0,3,10,0,,,,,,,,,,,,,,,,,,,,,,,,,,,,,,,,,,,,,
Data privacy laws,161,152,0,0,0,0,0,0,10,10,5,10,3,10,0,10,0,10,0,0,0,0,10,10,10,5,10,10,3,10,5,3,5,5,10,10,3,3,3,0,3,0,0,0,0,0,0,0,0,0,0,0,10,10,0,0,0,0,0,3,0,0,0,0,0,0,0,0,0,0,0,0,0,0,0,0,0,0,0,10,10,0,3,0,0,0,0,0,0,0,0,0,0,0,0,0,0,0,0,0,0,0,0,0,0,0,0,0,0,0,10,0,0,0,0,0,0,0,0,0,0,0,0,0,0,0,0,0,0,0,0,0,0,0,0,0,0,0,0,0,0,0,0,0,0,0,10,0,3,0,0,0,0,0,0,,,,,,,,,,,,,,,,,,,,,,,,,,,,,,,,,,,,
Human rights,162,152,0,0,0,0,0,0,0,10,0,0,0,3,0,0,0,0,0,3,0,0,5,0,0,0,0,0,0,0,0,0,0,0,0,0,0,0,0,0,0,0,0,3,0,0,0,0,0,0,0,0,0,0,0,0,0,0,0,0,0,0,0,0,0,0,0,0,0,0,0,0,0,0,0,0,0,0,0,0,0,0,0,0,0,0,0,0,0,0,0,0,0,0,0,0,0,0,0,0,0,0,0,0,0,0,0,3,0,10,10,0,0,10,0,10,0,10,0,0,0,0,0,0,0,0,0,0,0,0,0,5,0,0,0,0,0,0,0,0,0,0,0,0,0,0,10,0,10,0,0,3,0,0,10,0,,,,,,,,,,,,,,,,,,,,,,,,,,,,,,,,,,,
Boarder security,163,153,0,0,0,0,0,0,0,0,10,0,0,0,0,0,0,0,0,0,0,0,3,0,0,0,0,0,0,0,0,0,0,0,0,0,0,0,0,0,0,0,0,0,0,0,0,0,0,0,0,0,0,0,0,5,0,0,0,0,0,0,0,0,0,0,0,0,0,0,0,0,5,0,0,0,0,0,0,0,0,0,0,0,0,0,0,0,0,0,0,0,0,0,0,0,0,0,0,0,0,0,0,0,0,0,0,0,0,0,0,0,0,0,0,0,0,0,0,0,0,0,0,0,0,0,0,0,0,0,0,0,0,0,0,0,0,0,0,0,0,0,0,0,0,10,0,10,10,0,0,0,0,0,0,0,0,,,,,,,,,,,,,,,,,,,,,,,,,,,,,,,,,,
Supply chain resilience,164,153,0,0,0,0,0,0,10,0,10,10,10,10,5,2,5,8,3,10,10,7,7,5,5,10,7,5,3,5,3,3,3,5,7,0,5,7,5,0,0,0,0,0,10,10,8,0,0,0,0,0,0,0,10,5,0,0,0,5,3,7,5,10,0,0,0,1,3,10,10,10,0,0,0,0,0,0,3,7,5,0,10,0,0,10,10,10,10,10,10,0,0,0,0,10,0,0,0,0,0,0,0,0,0,0,0,10,10,10,0,0,10,0,10,0,10,0,0,0,0,0,0,10,0,10,10,0,10,0,0,5,0,0,5,0,0,3,0,0,10,5,0,0,0,10,0,10,10,0,0,0,10,0,0,0,3,0,,,,,,,,,,,,,,,,,,,,,,,,,,,,,,,,,
Territory access,166,163,0,0,0,0,0,0,10,0,10,0,0,0,2,0,3,0,0,0,0,0,0,0,0,5,0,0,0,0,0,0,0,0,0,0,0,0,0,0,0,0,0,0,0,0,0,0,0,0,0,0,0,0,0,10,0,0,0,0,0,0,0,0,0,0,0,0,0,0,0,0,0,0,0,0,0,0,0,0,0,0,0,0,0,10,10,0,0,0,0,0,0,0,0,0,0,0,0,0,0,0,0,0,0,0,0,0,0,0,0,0,0,0,0,0,0,0,0,0,0,0,0,0,0,0,0,0,0,0,0,0,0,0,0,0,0,0,0,0,10,0,0,0,0,0,0,10,10,0,0,0,0,0,0,0,10,10,0,,,,,,,,,,,,,,,,,,,,,,,,,,,,,,,,
Access to resources,167,164,0,0,0,0,0,0,10,0,3,0,0,0,5,0,3,0,10,0,5,7,0,0,0,5,0,0,0,0,0,0,0,0,0,0,0,0,0,0,0,0,0,0,0,0,0,0,0,0,0,0,0,0,0,3,0,0,0,0,0,5,0,0,0,0,0,0,0,10,10,10,5,0,0,0,0,0,0,0,0,0,0,0,0,10,10,0,0,0,0,0,0,0,0,0,0,0,0,0,0,0,0,0,0,0,0,0,0,10,0,0,10,0,0,0,0,0,0,5,0,0,0,10,5,0,0,10,0,0,0,0,0,0,0,0,0,3,10,0,10,0,0,0,0,0,0,10,5,0,0,0,0,0,0,0,0,10,10,0,,,,,,,,,,,,,,,,,,,,,,,,,,,,,,,
World power order,169,154,0,0,0,0,0,0,7,7,1,0,3,10,0,0,0,0,2,7,2,10,10,0,3,0,10,10,5,0,8,3,0,0,0,0,0,0,0,0,0,0,0,0,0,0,7,0,0,0,0,0,7,0,3,0,0,0,0,0,0,0,0,0,0,0,0,0,0,5,5,0,5,0,5,0,0,0,3,5,0,0,0,0,0,10,10,10,10,10,10,0,0,0,0,0,0,0,0,0,0,0,0,0,0,0,0,10,0,0,0,0,10,0,0,0,0,5,0,0,10,0,0,10,0,10,5,0,0,0,0,0,0,0,3,0,0,0,0,0,0,0,0,0,0,0,0,0,10,0,0,0,0,0,0,0,0,0,0,10,0,,,,,,,,,,,,,,,,,,,,,,,,,,,,,,
Globalisation vs protectionism,170,154,0,0,0,0,0,0,8,0,0,2,0,4,0,0,0,0,0,8,6,5,0,0,0,10,10,10,0,10,10,0,0,0,0,0,0,0,0,0,0,0,0,0,0,0,7,0,0,0,0,0,0,0,0,0,0,0,0,0,0,0,0,0,0,0,0,0,0,0,0,0,3,0,0,0,0,0,0,0,0,0,10,0,0,5,5,0,0,0,0,0,0,0,0,0,0,0,0,0,0,0,0,0,0,0,0,0,0,0,3,0,5,0,0,0,0,0,0,0,0,0,0,10,5,10,10,0,3,0,0,3,0,0,0,0,0,0,5,0,5,0,0,0,0,0,0,0,10,0,0,0,0,0,0,0,0,3,0,3,3,0,,,,,,,,,,,,,,,,,,,,,,,,,,,,,
International entities and agreements,171,154,0,0,0,0,0,0,5,10,1,3,3,4,3,0,3,5,1,0,0,7,5,0,0,3,8,5,0,7,5,0,0,0,0,0,0,0,0,3,0,0,0,3,3,3,0,0,0,0,0,5,0,5,3,3,3,0,0,0,0,10,0,0,0,0,0,0,0,0,0,0,5,0,0,0,0,0,0,0,0,0,5,0,0,5,5,5,5,5,5,0,5,0,5,5,3,3,0,0,0,0,0,0,3,3,0,0,0,0,3,0,5,0,0,0,5,0,0,0,0,0,0,5,0,10,0,0,5,0,10,3,10,0,5,0,0,0,0,0,5,0,0,0,0,10,0,5,10,0,0,0,3,10,5,5,5,10,3,10,10,10,0,,,,,,,,,,,,,,,,,,,,,,,,,,,,
"Democracy, communism, and totalarism",172,154,0,0,0,0,0,0,0,5,0,0,0,2,0,0,0,0,0,0,0,0,5,5,3,0,8,0,0,10,10,0,0,0,0,0,0,0,0,0,0,0,0,0,0,0,0,0,0,0,0,0,0,0,0,0,0,0,0,0,0,0,0,0,0,0,0,0,0,0,0,0,0,0,0,0,0,0,0,0,0,0,0,0,0,0,0,0,0,0,0,0,0,0,0,0,0,0,0,0,0,0,0,0,0,0,0,0,0,10,10,0,0,0,0,0,0,10,0,0,0,0,0,0,0,0,0,0,0,0,0,0,0,0,0,0,0,0,0,0,0,0,0,0,0,0,0,0,10,0,0,0,0,0,10,10,0,0,0,0,0,0,0,0,,,,,,,,,,,,,,,,,,,,,,,,,,,
Conflicts,173,154,0,0,0,0,0,0,8,3,0,0,0,2,0,0,0,0,0,0,0,0,5,0,0,3,0,0,0,0,0,0,0,0,0,0,0,0,0,0,0,0,0,0,0,0,0,0,0,0,0,0,0,0,0,0,0,0,0,0,0,0,0,0,0,0,0,0,0,5,3,0,0,0,0,0,0,0,0,0,0,0,0,0,0,0,0,0,8,0,8,0,0,0,0,5,0,0,0,0,0,0,0,0,0,0,0,0,5,10,3,0,0,0,0,10,0,10,0,0,5,0,0,10,0,5,0,0,8,3,0,0,0,0,0,0,0,0,0,0,0,0,0,0,0,0,0,10,10,0,0,0,0,0,0,0,3,5,10,3,0,0,10,0,0,,,,,,,,,,,,,,,,,,,,,,,,,,
Trade agreements,178,171,0,0,0,0,0,0,10,5,0,0,3,5,0,0,0,0,2,0,5,7,3,0,0,3,0,5,0,0,0,0,0,0,0,0,0,0,0,0,0,0,0,3,0,0,7,0,0,0,0,0,0,0,3,0,0,0,0,0,0,0,0,0,0,0,0,0,0,0,0,0,3,0,0,0,0,0,0,0,0,0,3,0,0,5,5,0,0,0,0,0,0,0,0,0,0,0,0,0,0,0,0,0,0,0,0,0,0,0,7,0,7,0,0,0,0,0,0,0,0,0,0,10,5,10,0,0,5,0,0,3,0,10,0,3,0,0,0,0,3,0,0,0,0,10,0,0,10,0,0,0,0,3,0,0,10,10,0,10,5,10,10,0,0,0,,,,,,,,,,,,,,,,,,,,,,,,,
Education financing,179,155,0,0,0,0,0,0,2,0,2,2,2,2,2,2,2,2,2,2,2,2,2,2,0,2,0,10,2,0,5,2,0,0,0,0,0,0,0,0,0,0,0,0,0,0,0,0,0,0,0,0,0,0,0,0,0,0,0,0,0,0,0,0,0,0,0,0,0,0,0,0,0,0,0,0,0,0,0,0,0,0,0,0,0,0,0,10,10,10,10,0,5,0,5,5,3,0,0,0,0,0,0,0,0,0,0,10,0,10,10,0,10,0,0,0,0,10,0,0,0,0,0,10,10,0,10,10,0,10,10,0,0,0,10,10,0,0,0,10,0,0,0,0,0,0,0,0,0,10,0,0,0,0,0,0,0,0,0,0,0,0,0,0,0,0,0,,,,,,,,,,,,,,,,,,,,,,,,
Research financing,180,155,0,0,0,0,0,0,10,10,2,3,10,7,3,5,3,7,10,10,5,10,10,10,5,10,10,10,8,5,10,8,10,10,3,3,1,1,3,3,3,0,3,0,7,7,10,10,7,7,10,10,10,0,10,10,10,0,0,0,0,0,5,5,0,0,0,3,3,3,3,3,0,0,10,0,0,0,10,5,5,0,0,0,0,0,0,10,10,10,10,0,10,0,10,10,10,10,0,0,0,0,0,0,0,0,0,10,10,0,10,0,10,0,0,0,0,0,0,0,0,0,0,10,10,0,10,10,0,0,10,0,0,0,10,0,0,0,0,0,0,0,0,0,0,0,0,0,0,10,0,0,0,0,0,0,0,0,0,0,0,0,0,0,0,0,0,0,,,,,,,,,,,,,,,,,,,,,,,
Taxes,181,155,0,0,0,0,0,0,10,5,0,10,10,8,0,0,0,3,0,10,10,10,10,3,0,6,0,10,0,0,0,0,0,0,0,0,0,3,3,0,0,0,0,0,0,0,0,0,0,0,0,5,0,0,0,0,0,5,0,0,0,3,0,0,0,0,0,0,0,0,0,0,0,0,10,5,0,10,0,0,0,0,10,0,0,0,0,10,10,10,10,0,0,0,0,0,0,0,0,0,0,0,0,0,0,0,0,0,0,0,10,0,0,0,0,0,0,0,0,0,0,10,0,0,0,3,0,0,2,0,0,3,0,0,0,0,0,0,0,0,3,0,0,0,0,0,0,0,0,100,0,0,0,0,0,0,0,0,0,0,0,3,0,0,0,3,0,0,0,,,,,,,,,,,,,,,,,,,,,,
Innovation and entrepreuneurship incentives,182,155,0,0,0,0,0,0,10,0,4,10,10,10,2,2,2,10,10,10,10,10,10,6,3,10,0,10,5,0,10,5,5,5,3,1,0,0,3,3,5,0,0,3,5,5,10,7,7,7,3,10,0,0,10,10,10,0,0,0,0,0,0,0,0,0,0,0,0,0,0,0,0,0,3,0,0,3,3,7,0,0,0,0,0,0,0,6,6,6,6,0,0,0,0,0,0,0,0,0,0,0,0,0,0,0,0,0,0,0,0,0,0,0,0,0,0,0,0,0,0,0,0,10,10,0,0,6,0,10,10,3,0,0,3,0,0,0,3,0,3,0,0,0,0,0,0,0,0,10,0,0,0,0,0,0,0,0,0,0,0,0,0,0,0,0,0,0,0,0,,,,,,,,,,,,,,,,,,,,,
Economic stimulation mechanism,183,155,0,0,0,0,0,0,5,0,0,8,5,0,8,0,8,4,2,6,0,10,3,3,0,0,0,5,0,0,0,0,3,3,5,1,0,0,5,0,0,0,0,0,0,0,5,0,0,0,0,0,0,0,0,0,3,0,0,0,0,0,10,0,0,0,0,10,10,10,3,3,0,0,0,5,0,0,0,0,0,0,0,0,0,0,0,6,6,6,6,0,0,0,0,0,0,0,0,0,0,0,0,0,0,0,0,0,0,0,0,0,0,0,0,0,0,0,0,0,0,0,0,10,0,0,0,0,0,10,0,0,0,0,0,0,0,0,0,0,0,0,0,0,0,0,0,0,0,10,0,10,0,0,0,0,0,0,0,0,0,10,0,0,0,0,0,0,0,0,0,,,,,,,,,,,,,,,,,,,,
Countries indebtment,184,155,0,0,0,0,0,0,0,0,0,3,0,0,0,0,0,0,0,0,0,10,0,0,0,0,0,0,0,0,0,0,0,0,0,0,0,0,0,0,0,0,0,0,0,0,0,0,0,0,0,0,0,0,0,0,0,0,0,0,0,0,0,0,0,0,0,10,10,10,0,0,0,0,0,0,0,0,0,0,0,0,0,0,0,0,0,0,0,0,0,0,0,0,0,0,0,0,0,0,0,0,0,0,0,0,0,0,0,0,3,0,10,0,0,0,0,0,0,0,0,0,0,0,0,0,0,0,0,0,0,0,0,0,0,0,0,0,0,0,0,0,0,0,0,0,0,0,5,10,0,0,0,0,0,0,0,0,0,0,3,0,3,0,0,0,0,0,10,0,10,0,,,,,,,,,,,,,,,,,,,
Infrastructure development and maintenance,185,155,0,0,0,0,0,0,4,0,4,10,6,2,10,8,10,10,4,6,3,4,5,3,5,10,0,3,3,0,0,3,3,5,10,10,0,10,10,10,10,10,10,3,5,5,3,10,10,10,0,0,0,0,7,0,10,0,0,0,3,10,10,10,0,10,0,10,10,10,4,4,10,10,0,10,0,8,0,0,0,0,3,0,0,3,3,3,10,3,3,0,3,10,10,0,0,0,4,10,5,10,1,10,7,5,0,10,10,10,5,0,10,0,10,0,0,0,10,10,10,3,10,10,5,0,5,0,0,0,0,0,0,0,3,0,0,10,10,10,5,0,0,10,10,10,0,0,0,10,0,5,10,0,0,0,0,10,10,10,0,0,0,0,0,0,0,0,0,0,10,10,0,,,,,,,,,,,,,,,,,,
Wealth distribution,186,181,0,0,0,0,0,0,8,5,0,0,3,8,0,0,0,0,0,10,5,2,10,0,0,0,10,10,0,3,3,0,0,0,0,0,0,0,0,0,0,0,0,0,0,0,10,3,3,3,0,0,0,0,5,1,0,7,0,0,0,0,0,0,0,0,0,0,0,0,0,0,0,0,0,0,0,0,0,0,0,0,0,0,0,7,7,0,0,0,0,0,0,0,0,0,0,0,0,0,0,0,0,0,0,0,0,10,0,0,10,0,10,0,0,10,0,10,0,10,0,0,0,0,0,0,0,0,5,10,0,0,0,0,0,0,0,0,0,0,0,0,5,0,0,0,0,5,0,10,0,0,0,0,0,0,0,0,0,0,0,0,0,0,0,0,0,0,10,0,10,0,0,0,,,,,,,,,,,,,,,,,
Transport policies,187,181,0,0,0,0,0,0,0,0,10,10,10,0,5,2,7,4,0,4,0,10,0,0,5,5,5,5,0,0,0,0,0,0,5,0,10,8,5,10,0,0,0,0,0,0,0,0,0,0,0,0,0,0,10,10,0,10,0,0,0,10,5,0,0,5,0,0,0,0,0,0,10,5,0,10,0,5,0,0,0,0,0,0,0,0,0,0,0,4,0,0,0,0,0,0,10,0,0,0,0,0,0,0,0,0,0,0,0,0,0,0,0,0,0,0,0,0,0,10,0,0,5,0,0,10,0,0,0,0,0,0,0,0,0,0,0,0,0,0,0,0,0,0,10,10,0,0,0,10,0,0,0,5,0,0,0,0,0,0,0,0,0,0,0,0,0,0,0,0,0,0,0,0,0,,,,,,,,,,,,,,,,
Inflation,188,184,0,0,0,0,0,0,5,0,0,5,0,0,0,0,0,0,0,0,0,0,0,0,0,0,0,0,0,0,0,0,0,0,0,0,0,0,0,0,0,0,0,0,0,0,0,0,0,0,0,0,0,0,0,0,0,0,0,0,0,0,0,0,0,0,0,0,0,3,5,5,0,0,0,0,0,0,0,0,0,0,0,0,0,0,0,0,0,0,0,0,0,0,0,0,0,0,0,0,0,0,0,0,0,0,0,0,0,0,0,0,10,0,0,0,0,5,0,0,0,0,0,10,0,0,0,0,0,0,0,0,0,2,0,0,0,0,0,0,0,0,0,0,0,0,0,0,0,0,0,0,0,0,0,0,0,0,0,0,0,0,0,0,0,0,0,0,0,0,10,10,0,10,0,0,,,,,,,,,,,,,,,
Infrastructure projects planning,189,185,0,0,0,0,0,0,1,0,5,8,5,1,10,10,10,10,10,5,8,8,8,2,10,10,10,0,1,5,1,1,0,0,7,3,1,10,10,3,3,4,3,1,10,5,0,5,2,2,0,0,0,0,10,0,0,0,0,0,3,0,10,10,0,10,0,10,10,10,3,5,10,10,0,10,0,10,0,0,0,0,0,0,0,0,0,10,10,10,10,0,3,3,10,10,6,0,0,0,0,0,0,10,10,5,0,10,0,0,0,0,0,3,10,0,0,0,10,0,10,3,10,10,10,0,0,0,0,0,0,0,0,0,5,0,0,0,10,10,10,10,0,10,0,0,0,0,0,5,0,0,10,10,0,0,0,0,0,0,0,0,0,0,0,0,0,0,0,0,0,10,10,0,10,0,0,,,,,,,,,,,,,,
Governmental procurement,190,185,0,0,0,0,0,0,0,0,0,10,10,1,5,3,5,10,10,0,0,10,3,4,1,10,10,3,2,5,0,2,7,7,10,0,10,10,10,10,3,10,3,5,10,2,0,0,0,0,0,10,5,0,10,0,0,0,0,0,0,0,10,10,0,10,0,10,10,10,1,1,10,10,0,10,0,0,0,0,0,0,0,0,0,0,0,10,10,10,10,0,10,10,10,3,0,0,0,0,0,0,0,10,0,0,0,0,0,0,0,0,0,5,0,0,0,0,0,0,0,0,0,0,0,0,0,0,0,0,5,0,10,0,5,0,0,0,0,0,0,0,0,0,0,0,0,0,0,10,0,10,0,0,0,0,0,0,0,0,0,0,0,0,0,0,0,0,0,0,10,0,10,0,10,10,10,0,,,,,,,,,,,,,
Projects scheduling,191,189,0,0,0,0,0,0,0,0,5,6,3,0,5,3,10,10,0,3,8,3,8,5,5,10,10,0,1,5,1,1,0,0,2,5,1,3,5,5,10,3,10,3,10,5,0,5,5,5,0,0,0,0,0,0,2,0,0,0,0,0,10,0,0,1,0,0,0,0,0,0,5,0,0,0,0,0,0,0,0,0,0,0,0,0,0,0,0,0,0,0,0,0,0,0,0,0,0,0,0,0,0,1,0,1,0,10,0,0,0,0,0,0,0,0,0,0,0,0,0,0,0,0,0,0,0,0,0,0,0,0,0,0,2,0,0,0,0,0,0,0,0,0,0,0,0,0,0,0,0,0,4,1,0,0,0,0,0,0,0,0,0,0,0,0,0,0,0,0,0,0,10,0,0,0,10,0,0,,,,,,,,,,,,
Projects costing,192,189,0,0,0,0,0,0,0,0,3,10,3,0,10,6,10,10,3,3,8,10,4,2,5,10,10,0,1,5,1,1,0,0,3,1,1,5,5,5,2,10,3,3,10,2,0,2,2,2,0,3,0,0,0,0,2,0,0,0,0,0,10,10,0,3,0,10,10,10,1,1,5,2,0,0,0,0,0,0,0,0,0,0,0,0,0,3,3,3,3,0,0,0,0,0,0,0,0,0,0,0,0,3,0,3,0,10,0,0,0,0,0,0,0,0,0,0,0,0,0,0,0,0,0,0,0,0,0,0,0,0,0,0,2,0,0,0,0,0,0,0,0,0,0,0,0,0,0,0,0,3,10,3,0,0,0,0,0,0,0,0,0,0,0,0,0,0,0,0,0,0,10,0,0,5,10,0,0,0,,,,,,,,,,,
Governmental expertise gap,193,189,0,0,0,0,0,0,0,0,5,10,0,0,5,5,5,10,7,10,10,8,8,8,4,10,10,10,5,10,10,0,8,10,5,5,5,0,0,10,10,10,10,0,10,10,7,0,0,0,0,0,0,0,10,10,8,8,0,0,0,0,0,10,0,0,0,6,6,6,0,0,10,0,0,0,0,0,10,0,0,0,0,0,0,0,0,10,10,10,10,0,0,0,0,0,0,0,0,0,0,0,0,0,0,0,0,10,0,0,0,0,0,0,0,0,0,0,0,0,0,0,0,0,0,0,0,0,0,0,0,0,0,0,10,0,0,0,0,0,0,0,0,0,0,0,0,0,0,0,0,0,10,0,0,0,0,0,0,0,0,0,0,0,0,0,0,0,0,0,0,0,5,0,5,0,0,0,0,0,0,,,,,,,,,,
Governmental structure (bureaucracy),194,156,0,0,0,0,0,0,8,10,8,10,10,0,2,7,5,10,10,10,10,10,10,10,8,10,10,10,0,10,10,0,10,10,10,5,5,0,5,7,7,7,7,0,10,10,7,0,0,0,0,7,0,0,10,10,10,10,0,0,0,0,7,10,0,0,0,10,10,10,0,0,10,0,0,0,5,10,10,0,0,0,0,0,0,0,0,10,10,10,10,0,0,0,0,0,0,0,0,0,0,0,0,0,0,0,0,0,0,0,0,0,0,0,0,0,0,0,0,0,0,0,0,0,0,0,10,0,0,0,0,0,0,0,10,0,0,0,5,0,0,0,0,0,0,0,0,0,0,10,0,7,5,10,0,0,0,0,0,0,0,0,0,0,0,0,0,0,0,0,0,0,10,0,10,0,0,0,0,0,5,0,,,,,,,,,
Lobbyism,195,156,0,0,0,0,0,0,0,10,2,5,5,2,5,3,7,5,8,5,5,10,3,3,0,5,5,7,0,7,0,0,7,7,7,0,5,3,7,7,3,7,0,0,0,0,3,0,0,0,0,7,0,0,10,5,3,0,0,0,0,0,5,0,0,0,0,0,0,0,10,3,3,3,5,5,0,0,5,0,0,0,0,0,0,10,10,10,10,10,10,0,10,0,10,10,5,5,0,0,0,0,0,7,7,7,0,0,0,0,10,0,10,0,0,0,0,0,0,0,0,0,0,10,0,5,0,0,0,10,7,7,0,0,7,0,0,0,3,0,0,0,0,5,0,0,5,0,0,10,0,10,5,7,0,0,0,0,0,0,0,0,0,0,0,0,5,3,0,5,0,0,7,5,0,0,0,10,0,0,0,0,0,,,,,,,,
Elections,196,156,0,0,0,0,0,0,0,0,0,10,10,5,5,0,10,0,0,10,6,10,3,3,0,10,0,10,0,3,0,0,3,3,5,3,5,7,7,3,3,3,3,5,0,0,7,0,0,0,0,7,0,0,8,0,0,0,0,0,0,0,5,10,0,0,0,5,10,10,5,5,0,3,5,5,0,0,0,0,0,10,0,0,0,10,10,10,10,10,10,0,10,0,10,10,5,5,0,0,0,0,0,7,7,7,0,0,10,0,10,0,0,0,5,0,0,5,0,0,0,0,0,10,0,5,0,0,0,10,7,7,0,0,0,0,0,0,7,0,0,0,0,7,0,0,5,0,0,10,0,0,0,7,0,0,0,0,0,0,0,0,0,0,0,0,10,2,0,5,10,0,10,10,0,0,0,0,0,0,0,0,10,0,,,,,,,
Journalism,197,156,0,0,0,0,0,0,3,5,2,7,7,9,1,2,4,4,4,7,4,10,10,3,0,0,10,10,0,10,0,0,0,0,10,10,10,10,10,0,2,2,5,10,0,0,7,0,0,0,0,5,10,0,10,10,0,0,0,0,0,0,3,10,0,0,0,10,10,10,10,10,0,3,5,10,0,0,7,0,0,10,0,0,0,10,10,10,10,10,10,0,10,0,10,10,7,7,0,0,0,0,0,10,10,10,0,0,10,0,10,0,0,10,10,0,10,10,0,0,0,0,0,10,0,5,0,0,0,10,10,0,0,0,3,0,0,0,0,0,0,0,0,10,0,0,0,0,0,10,0,10,0,10,0,0,0,0,0,0,0,0,0,0,0,0,0,0,0,0,10,0,10,5,0,0,0,0,0,0,0,0,0,10,0,,,,,,
Political financing,198,196,0,0,0,0,0,0,0,0,0,10,4,3,4,0,7,0,8,8,3,6,0,0,0,5,3,0,0,1,0,0,0,0,0,0,0,5,5,7,7,7,0,0,0,0,5,0,0,0,0,5,0,0,7,0,0,0,0,0,0,0,0,3,0,0,0,0,0,0,0,0,0,0,5,0,0,0,0,0,0,0,0,0,0,3,3,10,10,10,10,0,10,0,10,10,3,7,0,0,0,0,0,7,7,7,0,0,0,0,0,0,10,0,0,0,0,0,0,0,0,0,0,5,0,5,0,0,0,0,0,5,0,0,0,0,0,0,3,0,0,0,0,0,0,0,5,0,0,10,0,10,5,5,0,0,0,0,0,0,0,0,0,0,0,0,0,0,0,5,0,0,7,0,0,0,0,7,0,0,0,0,7,10,0,0,,,,,
Naval transportation resilience,199,164,0,0,0,0,0,0,4,1,2,7,10,7,10,7,10,10,4,7,7,3,3,10,5,8,8,3,3,5,3,3,3,5,8,0,1,3,4,5,0,10,0,0,10,10,5,0,0,0,0,0,0,0,3,0,0,0,0,2,0,10,2,3,0,0,0,0,0,0,10,5,10,0,0,0,0,0,0,0,0,0,10,0,0,10,10,0,0,0,0,0,0,0,0,3,0,0,0,0,0,0,0,0,0,0,0,10,10,0,0,0,10,10,0,0,10,0,0,0,0,0,5,10,0,10,10,0,7,0,0,10,0,0,5,0,0,0,10,10,10,0,0,0,0,10,0,10,10,0,0,0,10,0,0,0,2,10,10,10,0,0,10,0,3,0,0,0,0,0,0,0,10,0,10,0,10,0,0,0,0,0,0,0,0,0,0,,,,
Air transportation resilience,200,164,0,0,0,0,0,0,4,1,2,7,10,7,10,7,10,10,4,7,3,5,3,10,5,8,8,3,3,5,3,3,3,3,8,0,1,1,2,2,0,10,0,0,10,10,2,0,0,0,0,0,0,0,1,3,0,0,0,0,0,2,1,3,0,0,0,0,0,0,0,1,10,0,0,0,0,0,0,0,0,0,2,0,0,0,0,0,0,0,0,0,0,0,0,3,0,0,0,0,0,0,0,0,0,0,0,10,10,0,0,0,3,10,0,0,10,0,0,0,0,0,0,10,0,10,10,0,3,0,0,10,0,0,5,0,0,0,10,3,3,0,0,0,0,10,0,10,10,0,0,0,10,0,0,0,2,10,10,10,0,0,10,0,3,0,0,0,0,0,7,0,10,0,10,0,10,0,0,0,0,0,0,0,0,0,1,,,,
Production resilience,201,164,0,0,0,0,0,0,10,1,1,5,10,7,10,3,10,10,4,10,10,5,3,10,5,8,8,3,3,5,3,3,3,3,8,0,3,3,8,5,0,10,0,0,10,10,10,0,0,0,0,0,0,0,0,0,0,0,0,0,0,0,1,7,0,0,0,2,5,10,10,10,10,0,0,0,0,0,0,0,0,0,5,0,0,10,10,10,10,10,10,0,0,0,0,5,0,0,0,0,0,0,0,0,0,0,0,10,10,0,0,0,10,10,0,0,10,0,0,0,0,0,0,10,0,10,10,0,5,0,0,10,0,0,5,0,0,0,10,10,10,0,0,0,0,10,0,10,10,0,0,0,10,0,0,0,0,10,0,10,0,5,10,0,3,0,0,0,0,0,5,0,10,0,0,0,3,0,0,0,0,0,0,0,0,0,10,3,,,
Road transportation system resilience,202,164,0,0,0,0,0,0,4,1,2,10,10,5,10,7,10,10,4,5,3,3,3,10,5,8,8,3,3,5,3,3,3,5,8,0,5,5,8,5,0,10,0,0,10,10,2,0,0,0,0,0,0,0,8,0,5,0,0,4,4,10,4,7,0,0,0,5,3,0,3,5,10,0,0,2,0,0,0,0,0,0,10,0,0,10,10,0,0,0,0,3,0,0,0,3,0,0,0,0,0,0,0,0,0,0,0,10,10,0,0,0,10,10,10,0,10,0,0,10,0,0,10,10,0,10,10,0,5,0,0,10,0,0,5,0,0,3,10,10,10,10,10,5,10,10,0,10,10,0,0,0,10,0,0,0,2,10,10,10,0,0,10,0,3,0,0,0,0,0,0,0,10,0,10,0,10,0,0,0,0,0,0,0,0,0,7,3,10,,
Rail transportation system resilience,203,164,0,0,0,0,0,0,4,1,2,4,5,5,10,7,10,10,4,5,3,3,3,10,5,8,8,3,3,5,3,3,3,5,8,0,1,3,8,7,0,10,0,0,10,10,5,0,0,0,0,0,0,0,4,0,3,0,0,2,0,10,2,10,0,0,0,0,0,0,10,5,10,0,0,5,0,0,0,0,0,0,7,0,0,10,10,0,0,0,0,0,0,0,0,3,0,0,0,0,0,0,0,0,0,0,0,10,10,0,0,0,10,10,0,0,10,0,0,5,0,0,5,10,0,10,10,0,5,0,0,10,0,0,5,0,0,0,10,10,10,0,5,0,0,10,0,10,10,0,0,0,10,0,0,0,2,10,10,10,0,0,10,0,3,0,0,0,0,0,0,0,10,0,10,0,10,0,0,0,0,0,0,0,0,0,10,1,10,10,
#Stakeholders,ID,Weight,,,,,,,,,,,,,,,,,,,,,,,,,,,,,,,,,,,,,,,,,,,,,,,,,,,,,,,,,,,,,,,,,,,,,,,,,,,,,,,,,,,,,,,,,,,,,,,,,,,,,,,,,,,,,,,,,,,,,,,,,,,,,,,,,,,,,,,,,,,,,,,,,,,,,,,,,,,,,,,,,,,,,,,,,,,,,,,,,,,,,,,,,,,,,
Bentley,204,11,5,8,9,1,9,-9,-8,-7,-6,-5,-4,9,8,7,6,5,4,3,2,9,9,9,9,9,9,9,9,9,9,9,9,9,9,9,9,9,9,9,9,9,9,9,9,9,,,,,,,,,,,,,,,,,,,,,,,,,,,,,,,,,,,,,,,,,,,,,,,,,,,,,,,,,,,,,,,,,,,,,,,,,,,,,,,,,,,,,,,,,,,,,,,,,,,,,,,,,,,,,,,,,,,,,,,,,,,,,,,,,,,,,,,,,,,,,,,,,
Environment,205,10,0,0,0,0,0,0,,,,,,,,,,,,,,,,,,,,,,,,,,,,,,,,,,,,,,,,,,,,,,,,,,,,,,,,,,,,,,,,,,,,,,,,,,,,,,,,,,,,,,,,,,,,,,,,,,,,,,,,,,,,,,,,,,,,,,,,,,,,,,,,,,,,,,,,,,,,,,,,,,,,,,,,,,,,,,,,,,,,,,,,,,,,,,,,,,,,,,,
USA,206,10,0,0,0,0,0,0,,,,,,,,,,,,,,,,,,,,,,,,,,,,,,,,,,,,,,,,,,,,,,,,,,,,,,,,,,,,,,,,,,,,,,,,,,,,,,,,,,,,,,,,,,,,,,,,,,,,,,,,,,,,,,,,,,,,,,,,,,,,,,,,,,,,,,,,,,,,,,,,,,,,,,,,,,,,,,,,,,,,,,,,,,,,,,,,,,,,,,,
China,207,10,0,0,0,0,0,0,,,,,,,,,,,,,,,,,,,,,,,,,,,,,,,,,,,,,,,,,,,,,,,,,,,,,,,,,,,,,,,,,,,,,,,,,,,,,,,,,,,,,,,,,,,,,,,,,,,,,,,,,,,,,,,,,,,,,,,,,,,,,,,,,,,,,,,,,,,,,,,,,,,,,,,,,,,,,,,,,,,,,,,,,,,,,,,,,,,,,,,
European Union/UK,208,10,0,0,0,0,0,0,,,,,,,,,,,,,,,,,,,,,,,,,,,,,,,,,,,,,,,,,,,,,,,,,,,,,,,,,,,,,,,,,,,,,,,,,,,,,,,,,,,,,,,,,,,,,,,,,,,,,,,,,,,,,,,,,,,,,,,,,,,,,,,,,,,,,,,,,,,,,,,,,,,,,,,,,,,,,,,,,,,,,,,,,,,,,,,,,,,,,,,
Developing countries,209,4,0,0,0,0,0,0,,,,,,,,,,,,,,,,,,,,,,,,,,,,,,,,,,,,,,,,,,,,,,,,,,,,,,,,,,,,,,,,,,,,,,,,,,,,,,,,,,,,,,,,,,,,,,,,,,,,,,,,,,,,,,,,,,,,,,,,,,,,,,,,,,,,,,,,,,,,,,,,,,,,,,,,,,,,,,,,,,,,,,,,,,,,,,,,,,,,,,,
Governmental entities,210,8,0,0,0,0,0,0,,,,,,,,,,,,,,,,,,,,,,,,,,,,,,,,,,,,,,,,,,,,,,,,,,,,,,,,,,,,,,,,,,,,,,,,,,,,,,,,,,,,,,,,,,,,,,,,,,,,,,,,,,,,,,,,,,,,,,,,,,,,,,,,,,,,,,,,,,,,,,,,,,,,,,,,,,,,,,,,,,,,,,,,,,,,,,,,,,,,,,,
Cities,211,7,0,0,0,0,0,0,,,,,,,,,,,,,,,,,,,,,,,,,,,,,,,,,,,,,,,,,,,,,,,,,,,,,,,,,,,,,,,,,,,,,,,,,,,,,,,,,,,,,,,,,,,,,,,,,,,,,,,,,,,,,,,,,,,,,,,,,,,,,,,,,,,,,,,,,,,,,,,,,,,,,,,,,,,,,,,,,,,,,,,,,,,,,,,,,,,,,,,
Transport and logistics industry,212,5,0,0,0,0,0,0,,,,,,,,,,,,,,,,,,,,,,,,,,,,,,,,,,,,,,,,,,,,,,,,,,,,,,,,,,,,,,,,,,,,,,,,,,,,,,,,,,,,,,,,,,,,,,,,,,,,,,,,,,,,,,,,,,,,,,,,,,,,,,,,,,,,,,,,,,,,,,,,,,,,,,,,,,,,,,,,,,,,,,,,,,,,,,,,,,,,,,,
Manufacturing industry,213,4,0,0,0,0,0,0,,,,,,,,,,,,,,,,,,,,,,,,,,,,,,,,,,,,,,,,,,,,,,,,,,,,,,,,,,,,,,,,,,,,,,,,,,,,,,,,,,,,,,,,,,,,,,,,,,,,,,,,,,,,,,,,,,,,,,,,,,,,,,,,,,,,,,,,,,,,,,,,,,,,,,,,,,,,,,,,,,,,,,,,,,,,,,,,,,,,,,,
AEC industry,214,6,0,0,0,0,0,0,,,,,,,,,,,,,,,,,,,,,,,,,,,,,,,,,,,,,,,,,,,,,,,,,,,,,,,,,,,,,,,,,,,,,,,,,,,,,,,,,,,,,,,,,,,,,,,,,,,,,,,,,,,,,,,,,,,,,,,,,,,,,,,,,,,,,,,,,,,,,,,,,,,,,,,,,,,,,,,,,,,,,,,,,,,,,,,,,,,,,,,
Tech industry,215,3,0,0,0,0,0,0,,,,,,,,,,,,,,,,,,,,,,,,,,,,,,,,,,,,,,,,,,,,,,,,,,,,,,,,,,,,,,,,,,,,,,,,,,,,,,,,,,,,,,,,,,,,,,,,,,,,,,,,,,,,,,,,,,,,,,,,,,,,,,,,,,,,,,,,,,,,,,,,,,,,,,,,,,,,,,,,,,,,,,,,,,,,,,,,,,,,,,,
Media,216,5,0,0,0,0,0,0,,,,,,,,,,,,,,,,,,,,,,,,,,,,,,,,,,,,,,,,,,,,,,,,,,,,,,,,,,,,,,,,,,,,,,,,,,,,,,,,,,,,,,,,,,,,,,,,,,,,,,,,,,,,,,,,,,,,,,,,,,,,,,,,,,,,,,,,,,,,,,,,,,,,,,,,,,,,,,,,,,,,,,,,,,,,,,,,,,,,,,,
Environmental groups,217,4,0,0,0,0,0,0,,,,,,,,,,,,,,,,,,,,,,,,,,,,,,,,,,,,,,,,,,,,,,,,,,,,,,,,,,,,,,,,,,,,,,,,,,,,,,,,,,,,,,,,,,,,,,,,,,,,,,,,,,,,,,,,,,,,,,,,,,,,,,,,,,,,,,,,,,,,,,,,,,,,,,,,,,,,,,,,,,,,,,,,,,,,,,,,,,,,,,,
Workers,218,2,0,0,0,0,0,0,,,,,,,,,,,,,,,,,,,,,,,,,,,,,,,,,,,,,,,,,,,,,,,,,,,,,,,,,,,,,,,,,,,,,,,,,,,,,,,,,,,,,,,,,,,,,,,,,,,,,,,,,,,,,,,,,,,,,,,,,,,,,,,,,,,,,,,,,,,,,,,,,,,,,,,,,,,,,,,,,,,,,,,,,,,,,,,,,,,,,,,
Citizens,219,6,0,0,0,0,0,0,,,,,,,,,,,,,,,,,,,,,,,,,,,,,,,,,,,,,,,,,,,,,,,,,,,,,,,,,,,,,,,,,,,,,,,,,,,,,,,,,,,,,,,,,,,,,,,,,,,,,,,,,,,,,,,,,,,,,,,,,,,,,,,,,,,,,,,,,,,,,,,,,,,,,,,,,,,,,,,,,,,,,,,,,,,,,,,,,,,,,,,
Unions,220,3,0,0,0,0,0,0,,,,,,,,,,,,,,,,,,,,,,,,,,,,,,,,,,,,,,,,,,,,,,,,,,,,,,,,,,,,,,,,,,,,,,,,,,,,,,,,,,,,,,,,,,,,,,,,,,,,,,,,,,,,,,,,,,,,,,,,,,,,,,,,,,,,,,,,,,,,,,,,,,,,,,,,,,,,,,,,,,,,,,,,,,,,,,,,,,,,,,,
Engineering professional order,,4,0,0,0,0,0,0,,,,,,,,,,,,,,,,,,,,,,,,,,,,,,,,,,,,,,,,,,,,,,,,,,,,,,,,,,,,,,,,,,,,,,,,,,,,,,,,,,,,,,,,,,,,,,,,,,,,,,,,,,,,,,,,,,,,,,,,,,,,,,,,,,,,,,,,,,,,,,,,,,,,,,,,,,,,,,,,,,,,,,,,,,,,,,,,,,,,,,,